"LOCATION","INDICATOR","SUBJECT","MEASURE","FREQUENCY","TIME","Value","Flag Codes"
"AUS","WASTEMUN","TOT","KG_CAP","A","1980",685.476,
"AUS","WASTEMUN","TOT","KG_CAP","A","1992",689.569,
"AUS","WASTEMUN","TOT","KG_CAP","A","2000",695.05,
"AUS","WASTEMUN","TOT","KG_CAP","A","2007",616.058,
"AUS","WASTEMUN","TOT","KG_CAP","A","2008",613.928,
"AUS","WASTEMUN","TOT","KG_CAP","A","2009",613.458,
"AUS","WASTEMUN","TOT","KG_CAP","A","2010",612.083,
"AUS","WASTEMUN","TOT","KG_CAP","A","2011",597.768,
"AUS","WASTEMUN","TOT","KG_CAP","A","2012",592.576,
"AUS","WASTEMUN","TOT","KG_CAP","A","2013",588.894,
"AUS","WASTEMUN","TOT","KG_CAP","A","2014",584.384,
"AUS","WASTEMUN","TOT","KG_CAP","A","2015",583.484,
"AUS","WASTEMUN","TOT","KG_CAP","A","2016",536.597,
"AUS","WASTEMUN","TOT","KG_CAP","A","2017",512.733,
"AUS","WASTEMUN","TOT","KG_CAP","A","2018",507.728,
"AUS","WASTEMUN","TOT","KG_CAP","A","2019",498.815,
"AUT","WASTEMUN","TOT","KG_CAP","A","1989",409.806,
"AUT","WASTEMUN","TOT","KG_CAP","A","1990",414.814,
"AUT","WASTEMUN","TOT","KG_CAP","A","1991",402.177,
"AUT","WASTEMUN","TOT","KG_CAP","A","1992",405.571,
"AUT","WASTEMUN","TOT","KG_CAP","A","1993",423.335,
"AUT","WASTEMUN","TOT","KG_CAP","A","1994",427.823,
"AUT","WASTEMUN","TOT","KG_CAP","A","1995",435.038,
"AUT","WASTEMUN","TOT","KG_CAP","A","1996",512.606,"B"
"AUT","WASTEMUN","TOT","KG_CAP","A","1997",527.956,
"AUT","WASTEMUN","TOT","KG_CAP","A","1998",527.294,
"AUT","WASTEMUN","TOT","KG_CAP","A","1999",558.432,
"AUT","WASTEMUN","TOT","KG_CAP","A","2000",575.764,
"AUT","WASTEMUN","TOT","KG_CAP","A","2001",572.258,
"AUT","WASTEMUN","TOT","KG_CAP","A","2002",604.101,
"AUT","WASTEMUN","TOT","KG_CAP","A","2003",603.24,
"AUT","WASTEMUN","TOT","KG_CAP","A","2004",570.38,
"AUT","WASTEMUN","TOT","KG_CAP","A","2005",573.285,
"AUT","WASTEMUN","TOT","KG_CAP","A","2006",595.329,
"AUT","WASTEMUN","TOT","KG_CAP","A","2007",595.533,
"AUT","WASTEMUN","TOT","KG_CAP","A","2008",599.039,
"AUT","WASTEMUN","TOT","KG_CAP","A","2009",587.746,
"AUT","WASTEMUN","TOT","KG_CAP","A","2010",558.957,
"AUT","WASTEMUN","TOT","KG_CAP","A","2011",568.628,
"AUT","WASTEMUN","TOT","KG_CAP","A","2012",574.355,
"AUT","WASTEMUN","TOT","KG_CAP","A","2013",573.293,
"AUT","WASTEMUN","TOT","KG_CAP","A","2014",560.927,
"AUT","WASTEMUN","TOT","KG_CAP","A","2015",557.228,
"AUT","WASTEMUN","TOT","KG_CAP","A","2016",563.419,
"AUT","WASTEMUN","TOT","KG_CAP","A","2017",568.895,
"AUT","WASTEMUN","TOT","KG_CAP","A","2018",575.726,
"AUT","WASTEMUN","TOT","KG_CAP","A","2019",582.939,"E"
"BEL","WASTEMUN","TOT","KG_CAP","A","1980",279.968,
"BEL","WASTEMUN","TOT","KG_CAP","A","1985",308.09,"E"
"BEL","WASTEMUN","TOT","KG_CAP","A","1990",343.375,
"BEL","WASTEMUN","TOT","KG_CAP","A","1995",452.886,
"BEL","WASTEMUN","TOT","KG_CAP","A","1996",447.388,
"BEL","WASTEMUN","TOT","KG_CAP","A","1997",454.867,
"BEL","WASTEMUN","TOT","KG_CAP","A","1998",449.644,
"BEL","WASTEMUN","TOT","KG_CAP","A","1999",458.466,
"BEL","WASTEMUN","TOT","KG_CAP","A","2000",469.801,
"BEL","WASTEMUN","TOT","KG_CAP","A","2001",465.339,
"BEL","WASTEMUN","TOT","KG_CAP","A","2002",480.587,
"BEL","WASTEMUN","TOT","KG_CAP","A","2003",463.004,
"BEL","WASTEMUN","TOT","KG_CAP","A","2004",482.693,
"BEL","WASTEMUN","TOT","KG_CAP","A","2005",479.041,
"BEL","WASTEMUN","TOT","KG_CAP","A","2006",481.646,
"BEL","WASTEMUN","TOT","KG_CAP","A","2007",490.103,
"BEL","WASTEMUN","TOT","KG_CAP","A","2008",476.929,
"BEL","WASTEMUN","TOT","KG_CAP","A","2009",464.311,
"BEL","WASTEMUN","TOT","KG_CAP","A","2010",454.528,
"BEL","WASTEMUN","TOT","KG_CAP","A","2011",456.042,
"BEL","WASTEMUN","TOT","KG_CAP","A","2012",446.017,
"BEL","WASTEMUN","TOT","KG_CAP","A","2013",436.352,
"BEL","WASTEMUN","TOT","KG_CAP","A","2014",424.375,
"BEL","WASTEMUN","TOT","KG_CAP","A","2015",411.291,
"BEL","WASTEMUN","TOT","KG_CAP","A","2016",417.968,
"BEL","WASTEMUN","TOT","KG_CAP","A","2017",409.104,
"BEL","WASTEMUN","TOT","KG_CAP","A","2018",407.36,
"BEL","WASTEMUN","TOT","KG_CAP","A","2019",414.178,
"BEL","WASTEMUN","TOT","KG_CAP","A","2020",414.152,
"CZE","WASTEMUN","TOT","KG_CAP","A","1994",240.306,
"CZE","WASTEMUN","TOT","KG_CAP","A","1995",301.211,
"CZE","WASTEMUN","TOT","KG_CAP","A","1996",309.17,
"CZE","WASTEMUN","TOT","KG_CAP","A","1997",317.265,
"CZE","WASTEMUN","TOT","KG_CAP","A","1998",292.253,
"CZE","WASTEMUN","TOT","KG_CAP","A","1999",326.496,
"CZE","WASTEMUN","TOT","KG_CAP","A","2000",333.742,
"CZE","WASTEMUN","TOT","KG_CAP","A","2001",272.417,"B"
"CZE","WASTEMUN","TOT","KG_CAP","A","2002",277.5,
"CZE","WASTEMUN","TOT","KG_CAP","A","2003",279.028,
"CZE","WASTEMUN","TOT","KG_CAP","A","2004",277.457,
"CZE","WASTEMUN","TOT","KG_CAP","A","2005",287.966,
"CZE","WASTEMUN","TOT","KG_CAP","A","2006",295.088,
"CZE","WASTEMUN","TOT","KG_CAP","A","2007",292.058,
"CZE","WASTEMUN","TOT","KG_CAP","A","2008",304.644,
"CZE","WASTEMUN","TOT","KG_CAP","A","2009",315.594,
"CZE","WASTEMUN","TOT","KG_CAP","A","2010",316.424,
"CZE","WASTEMUN","TOT","KG_CAP","A","2011",317.797,
"CZE","WASTEMUN","TOT","KG_CAP","A","2012",305.539,
"CZE","WASTEMUN","TOT","KG_CAP","A","2013",304.938,
"CZE","WASTEMUN","TOT","KG_CAP","A","2014",307.86,
"CZE","WASTEMUN","TOT","KG_CAP","A","2015",314.802,
"CZE","WASTEMUN","TOT","KG_CAP","A","2016",337.099,
"CZE","WASTEMUN","TOT","KG_CAP","A","2017",486.467,"B"
"CZE","WASTEMUN","TOT","KG_CAP","A","2018",492.013,
"CZE","WASTEMUN","TOT","KG_CAP","A","2019",499.337,
"CZE","WASTEMUN","TOT","KG_CAP","A","2020",506.003,"E"
"DNK","WASTEMUN","TOT","KG_CAP","A","1980",399.302,
"DNK","WASTEMUN","TOT","KG_CAP","A","1985",475.143,
"DNK","WASTEMUN","TOT","KG_CAP","A","1994",537.79,
"DNK","WASTEMUN","TOT","KG_CAP","A","1995",520.763,
"DNK","WASTEMUN","TOT","KG_CAP","A","1996",619.046,
"DNK","WASTEMUN","TOT","KG_CAP","A","1997",588.134,
"DNK","WASTEMUN","TOT","KG_CAP","A","1998",592.599,
"DNK","WASTEMUN","TOT","KG_CAP","A","1999",625.544,
"DNK","WASTEMUN","TOT","KG_CAP","A","2000",663.897,
"DNK","WASTEMUN","TOT","KG_CAP","A","2001",656.768,
"DNK","WASTEMUN","TOT","KG_CAP","A","2002",664.086,
"DNK","WASTEMUN","TOT","KG_CAP","A","2003",671.621,
"DNK","WASTEMUN","TOT","KG_CAP","A","2004",695.387,
"DNK","WASTEMUN","TOT","KG_CAP","A","2005",735.932,
"DNK","WASTEMUN","TOT","KG_CAP","A","2006",738.572,
"DNK","WASTEMUN","TOT","KG_CAP","A","2007",788.494,
"DNK","WASTEMUN","TOT","KG_CAP","A","2008",829.433,
"DNK","WASTEMUN","TOT","KG_CAP","A","2009",761.075,"E"
"DNK","WASTEMUN","TOT","KG_CAP","A","2010",757.176,"E"
"DNK","WASTEMUN","TOT","KG_CAP","A","2011",860.293,"B"
"DNK","WASTEMUN","TOT","KG_CAP","A","2012",803.435,
"DNK","WASTEMUN","TOT","KG_CAP","A","2013",809.485,
"DNK","WASTEMUN","TOT","KG_CAP","A","2014",804.703,
"DNK","WASTEMUN","TOT","KG_CAP","A","2015",821.103,
"DNK","WASTEMUN","TOT","KG_CAP","A","2016",832.903,
"DNK","WASTEMUN","TOT","KG_CAP","A","2017",824.803,
"DNK","WASTEMUN","TOT","KG_CAP","A","2018",819.696,
"DNK","WASTEMUN","TOT","KG_CAP","A","2019",850.237,
"DNK","WASTEMUN","TOT","KG_CAP","A","2020",850.546,"E"
"FIN","WASTEMUN","TOT","KG_CAP","A","1994",412,
"FIN","WASTEMUN","TOT","KG_CAP","A","1995",411.916,
"FIN","WASTEMUN","TOT","KG_CAP","A","1996",408.801,
"FIN","WASTEMUN","TOT","KG_CAP","A","1997",446.451,
"FIN","WASTEMUN","TOT","KG_CAP","A","1998",464.734,
"FIN","WASTEMUN","TOT","KG_CAP","A","1999",483.006,
"FIN","WASTEMUN","TOT","KG_CAP","A","2000",501.161,
"FIN","WASTEMUN","TOT","KG_CAP","A","2001",463.803,
"FIN","WASTEMUN","TOT","KG_CAP","A","2002",457.363,
"FIN","WASTEMUN","TOT","KG_CAP","A","2003",464.482,
"FIN","WASTEMUN","TOT","KG_CAP","A","2004",468.012,
"FIN","WASTEMUN","TOT","KG_CAP","A","2005",476.485,
"FIN","WASTEMUN","TOT","KG_CAP","A","2006",492.677,
"FIN","WASTEMUN","TOT","KG_CAP","A","2007",504.913,
"FIN","WASTEMUN","TOT","KG_CAP","A","2008",520.355,
"FIN","WASTEMUN","TOT","KG_CAP","A","2009",479.571,
"FIN","WASTEMUN","TOT","KG_CAP","A","2010",469.456,
"FIN","WASTEMUN","TOT","KG_CAP","A","2011",504.449,
"FIN","WASTEMUN","TOT","KG_CAP","A","2012",505.654,
"FIN","WASTEMUN","TOT","KG_CAP","A","2013",493.024,
"FIN","WASTEMUN","TOT","KG_CAP","A","2014",481.539,
"FIN","WASTEMUN","TOT","KG_CAP","A","2015",499.583,
"FIN","WASTEMUN","TOT","KG_CAP","A","2016",503.47,
"FIN","WASTEMUN","TOT","KG_CAP","A","2017",510.144,
"FIN","WASTEMUN","TOT","KG_CAP","A","2018",550.663,
"FIN","WASTEMUN","TOT","KG_CAP","A","2019",564.464,
"FIN","WASTEMUN","TOT","KG_CAP","A","2020",594.897,
"FRA","WASTEMUN","TOT","KG_CAP","A","1989",464.858,
"FRA","WASTEMUN","TOT","KG_CAP","A","1992",460.689,
"FRA","WASTEMUN","TOT","KG_CAP","A","1993",471.631,
"FRA","WASTEMUN","TOT","KG_CAP","A","1995",476.201,
"FRA","WASTEMUN","TOT","KG_CAP","A","1996",486.036,
"FRA","WASTEMUN","TOT","KG_CAP","A","1997",496.306,
"FRA","WASTEMUN","TOT","KG_CAP","A","1998",507.106,
"FRA","WASTEMUN","TOT","KG_CAP","A","1999",507.406,
"FRA","WASTEMUN","TOT","KG_CAP","A","2000",514.827,
"FRA","WASTEMUN","TOT","KG_CAP","A","2001",527.326,
"FRA","WASTEMUN","TOT","KG_CAP","A","2002",531.425,
"FRA","WASTEMUN","TOT","KG_CAP","A","2003",506.666,
"FRA","WASTEMUN","TOT","KG_CAP","A","2004",519.573,
"FRA","WASTEMUN","TOT","KG_CAP","A","2005",530.265,
"FRA","WASTEMUN","TOT","KG_CAP","A","2006",536.564,"E"
"FRA","WASTEMUN","TOT","KG_CAP","A","2007",543.026,
"FRA","WASTEMUN","TOT","KG_CAP","A","2008",538.773,"E"
"FRA","WASTEMUN","TOT","KG_CAP","A","2009",534.717,
"FRA","WASTEMUN","TOT","KG_CAP","A","2010",534.69,"E"
"FRA","WASTEMUN","TOT","KG_CAP","A","2011",534.529,
"FRA","WASTEMUN","TOT","KG_CAP","A","2012",527.041,"E"
"FRA","WASTEMUN","TOT","KG_CAP","A","2013",519.705,
"FRA","WASTEMUN","TOT","KG_CAP","A","2014",516.77,"E"
"FRA","WASTEMUN","TOT","KG_CAP","A","2015",515.87,
"FRA","WASTEMUN","TOT","KG_CAP","A","2016",529.268,"E"
"FRA","WASTEMUN","TOT","KG_CAP","A","2017",534.764,
"FRA","WASTEMUN","TOT","KG_CAP","A","2018",534.545,"E"
"FRA","WASTEMUN","TOT","KG_CAP","A","2019",555.796,
"FRA","WASTEMUN","TOT","KG_CAP","A","2020",536.11,"E"
"DEU","WASTEMUN","TOT","KG_CAP","A","1990",630.67,
"DEU","WASTEMUN","TOT","KG_CAP","A","1995",627.247,
"DEU","WASTEMUN","TOT","KG_CAP","A","1996",646.11,
"DEU","WASTEMUN","TOT","KG_CAP","A","1997",662.979,
"DEU","WASTEMUN","TOT","KG_CAP","A","1998",651.797,
"DEU","WASTEMUN","TOT","KG_CAP","A","1999",643.482,
"DEU","WASTEMUN","TOT","KG_CAP","A","2000",648.764,
"DEU","WASTEMUN","TOT","KG_CAP","A","2001",639.319,
"DEU","WASTEMUN","TOT","KG_CAP","A","2002",647.23,
"DEU","WASTEMUN","TOT","KG_CAP","A","2003",608.006,
"DEU","WASTEMUN","TOT","KG_CAP","A","2004",593.216,
"DEU","WASTEMUN","TOT","KG_CAP","A","2005",570.508,
"DEU","WASTEMUN","TOT","KG_CAP","A","2006",569.838,
"DEU","WASTEMUN","TOT","KG_CAP","A","2007",589.177,
"DEU","WASTEMUN","TOT","KG_CAP","A","2008",596.639,
"DEU","WASTEMUN","TOT","KG_CAP","A","2009",599.086,
"DEU","WASTEMUN","TOT","KG_CAP","A","2010",609.165,
"DEU","WASTEMUN","TOT","KG_CAP","A","2011",621.317,
"DEU","WASTEMUN","TOT","KG_CAP","A","2012",614.516,
"DEU","WASTEMUN","TOT","KG_CAP","A","2013",610.661,
"DEU","WASTEMUN","TOT","KG_CAP","A","2014",627.4,
"DEU","WASTEMUN","TOT","KG_CAP","A","2015",631.21,
"DEU","WASTEMUN","TOT","KG_CAP","A","2016",634.269,
"DEU","WASTEMUN","TOT","KG_CAP","A","2017",626.555,
"DEU","WASTEMUN","TOT","KG_CAP","A","2018",604.635,
"DEU","WASTEMUN","TOT","KG_CAP","A","2019",606.005,"E"
"DEU","WASTEMUN","TOT","KG_CAP","A","2020",627.411,"E"
"GRC","WASTEMUN","TOT","KG_CAP","A","1980",259.686,
"GRC","WASTEMUN","TOT","KG_CAP","A","1985",300.956,
"GRC","WASTEMUN","TOT","KG_CAP","A","1989",309.875,
"GRC","WASTEMUN","TOT","KG_CAP","A","1990",293.37,
"GRC","WASTEMUN","TOT","KG_CAP","A","1992",307.095,
"GRC","WASTEMUN","TOT","KG_CAP","A","1995",297.799,
"GRC","WASTEMUN","TOT","KG_CAP","A","1996",332.344,
"GRC","WASTEMUN","TOT","KG_CAP","A","1997",357.593,
"GRC","WASTEMUN","TOT","KG_CAP","A","1998",372.102,
"GRC","WASTEMUN","TOT","KG_CAP","A","1999",386.656,
"GRC","WASTEMUN","TOT","KG_CAP","A","2000",401.278,
"GRC","WASTEMUN","TOT","KG_CAP","A","2001",409.45,
"GRC","WASTEMUN","TOT","KG_CAP","A","2002",414.95,
"GRC","WASTEMUN","TOT","KG_CAP","A","2003",419.855,
"GRC","WASTEMUN","TOT","KG_CAP","A","2004",425.59,
"GRC","WASTEMUN","TOT","KG_CAP","A","2005",432.346,
"GRC","WASTEMUN","TOT","KG_CAP","A","2006",440.501,
"GRC","WASTEMUN","TOT","KG_CAP","A","2007",449.769,
"GRC","WASTEMUN","TOT","KG_CAP","A","2008",459.86,
"GRC","WASTEMUN","TOT","KG_CAP","A","2009",470.287,
"GRC","WASTEMUN","TOT","KG_CAP","A","2010",543.46,
"GRC","WASTEMUN","TOT","KG_CAP","A","2011",515.834,
"GRC","WASTEMUN","TOT","KG_CAP","A","2012",506.719,
"GRC","WASTEMUN","TOT","KG_CAP","A","2013",491.97,
"GRC","WASTEMUN","TOT","KG_CAP","A","2014",496.661,
"GRC","WASTEMUN","TOT","KG_CAP","A","2015",495.04,
"GRC","WASTEMUN","TOT","KG_CAP","A","2016",505.597,
"GRC","WASTEMUN","TOT","KG_CAP","A","2017",512.326,
"GRC","WASTEMUN","TOT","KG_CAP","A","2018",524.888,
"GRC","WASTEMUN","TOT","KG_CAP","A","2019",535.944,
"HUN","WASTEMUN","TOT","KG_CAP","A","1990",530.012,
"HUN","WASTEMUN","TOT","KG_CAP","A","1995",459.161,
"HUN","WASTEMUN","TOT","KG_CAP","A","1996",467.846,
"HUN","WASTEMUN","TOT","KG_CAP","A","1997",486.59,
"HUN","WASTEMUN","TOT","KG_CAP","A","1998",484.065,
"HUN","WASTEMUN","TOT","KG_CAP","A","1999",482.272,
"HUN","WASTEMUN","TOT","KG_CAP","A","2000",445.379,"B"
"HUN","WASTEMUN","TOT","KG_CAP","A","2001",451.564,
"HUN","WASTEMUN","TOT","KG_CAP","A","2002",456.956,
"HUN","WASTEMUN","TOT","KG_CAP","A","2003",463.45,
"HUN","WASTEMUN","TOT","KG_CAP","A","2004",453.963,
"HUN","WASTEMUN","TOT","KG_CAP","A","2005",460.641,
"HUN","WASTEMUN","TOT","KG_CAP","A","2006",468.492,
"HUN","WASTEMUN","TOT","KG_CAP","A","2007",458.243,
"HUN","WASTEMUN","TOT","KG_CAP","A","2008",455.67,
"HUN","WASTEMUN","TOT","KG_CAP","A","2009",432.956,
"HUN","WASTEMUN","TOT","KG_CAP","A","2010",406.25,
"HUN","WASTEMUN","TOT","KG_CAP","A","2011",384.915,
"HUN","WASTEMUN","TOT","KG_CAP","A","2012",404.284,
"HUN","WASTEMUN","TOT","KG_CAP","A","2013",380.113,
"HUN","WASTEMUN","TOT","KG_CAP","A","2014",387.048,
"HUN","WASTEMUN","TOT","KG_CAP","A","2015",379.631,
"HUN","WASTEMUN","TOT","KG_CAP","A","2016",381.525,
"HUN","WASTEMUN","TOT","KG_CAP","A","2017",387.263,
"HUN","WASTEMUN","TOT","KG_CAP","A","2018",384.136,
"HUN","WASTEMUN","TOT","KG_CAP","A","2019",390.307,
"HUN","WASTEMUN","TOT","KG_CAP","A","2020",367.003,
"ISL","WASTEMUN","TOT","KG_CAP","A","1995",425.961,
"ISL","WASTEMUN","TOT","KG_CAP","A","1996",433.109,
"ISL","WASTEMUN","TOT","KG_CAP","A","1997",440.028,
"ISL","WASTEMUN","TOT","KG_CAP","A","1998",446.802,
"ISL","WASTEMUN","TOT","KG_CAP","A","1999",453.449,
"ISL","WASTEMUN","TOT","KG_CAP","A","2000",463.557,
"ISL","WASTEMUN","TOT","KG_CAP","A","2001",470.114,
"ISL","WASTEMUN","TOT","KG_CAP","A","2002",480.146,
"ISL","WASTEMUN","TOT","KG_CAP","A","2003",486.196,
"ISL","WASTEMUN","TOT","KG_CAP","A","2004",504.981,
"ISL","WASTEMUN","TOT","KG_CAP","A","2005",518.679,
"ISL","WASTEMUN","TOT","KG_CAP","A","2006",570.513,
"ISL","WASTEMUN","TOT","KG_CAP","A","2007",570.155,
"ISL","WASTEMUN","TOT","KG_CAP","A","2008",669.111,
"ISL","WASTEMUN","TOT","KG_CAP","A","2009",417.642,
"ISL","WASTEMUN","TOT","KG_CAP","A","2010",480.739,
"ISL","WASTEMUN","TOT","KG_CAP","A","2011",488.453,
"ISL","WASTEMUN","TOT","KG_CAP","A","2012",503.624,
"ISL","WASTEMUN","TOT","KG_CAP","A","2013",510.407,
"ISL","WASTEMUN","TOT","KG_CAP","A","2014",532.579,
"ISL","WASTEMUN","TOT","KG_CAP","A","2015",589.129,
"ISL","WASTEMUN","TOT","KG_CAP","A","2016",661.813,
"ISL","WASTEMUN","TOT","KG_CAP","A","2017",673.905,
"ISL","WASTEMUN","TOT","KG_CAP","A","2018",735.039,
"IRL","WASTEMUN","TOT","KG_CAP","A","1975",176.91,
"IRL","WASTEMUN","TOT","KG_CAP","A","1980",189.083,
"IRL","WASTEMUN","TOT","KG_CAP","A","1984",314.417,
"IRL","WASTEMUN","TOT","KG_CAP","A","1995",514.507,
"IRL","WASTEMUN","TOT","KG_CAP","A","1996",524.363,
"IRL","WASTEMUN","TOT","KG_CAP","A","1997",547.78,
"IRL","WASTEMUN","TOT","KG_CAP","A","1998",557.701,
"IRL","WASTEMUN","TOT","KG_CAP","A","1999",581.004,
"IRL","WASTEMUN","TOT","KG_CAP","A","2000",602.338,
"IRL","WASTEMUN","TOT","KG_CAP","A","2001",703.754,
"IRL","WASTEMUN","TOT","KG_CAP","A","2002",696.111,
"IRL","WASTEMUN","TOT","KG_CAP","A","2003",733.126,"B"
"IRL","WASTEMUN","TOT","KG_CAP","A","2004",739.405,
"IRL","WASTEMUN","TOT","KG_CAP","A","2005",734.252,
"IRL","WASTEMUN","TOT","KG_CAP","A","2006",800.025,
"IRL","WASTEMUN","TOT","KG_CAP","A","2007",785.659,
"IRL","WASTEMUN","TOT","KG_CAP","A","2008",730.157,
"IRL","WASTEMUN","TOT","KG_CAP","A","2009",657.011,
"IRL","WASTEMUN","TOT","KG_CAP","A","2010",624.9,
"IRL","WASTEMUN","TOT","KG_CAP","A","2011",614.883,
"IRL","WASTEMUN","TOT","KG_CAP","A","2012",584.285,
"IRL","WASTEMUN","TOT","KG_CAP","A","2013",583.369,
"IRL","WASTEMUN","TOT","KG_CAP","A","2014",566.048,"B"
"IRL","WASTEMUN","TOT","KG_CAP","A","2015",562.937,"B"
"IRL","WASTEMUN","TOT","KG_CAP","A","2016",588.435,
"IRL","WASTEMUN","TOT","KG_CAP","A","2017",582.344,
"IRL","WASTEMUN","TOT","KG_CAP","A","2018",604.387,
"IRL","WASTEMUN","TOT","KG_CAP","A","2019",631.982,
"ITA","WASTEMUN","TOT","KG_CAP","A","1975",255.043,
"ITA","WASTEMUN","TOT","KG_CAP","A","1980",249.178,
"ITA","WASTEMUN","TOT","KG_CAP","A","1985",263.45,
"ITA","WASTEMUN","TOT","KG_CAP","A","1989",303.356,
"ITA","WASTEMUN","TOT","KG_CAP","A","1990",350.58,
"ITA","WASTEMUN","TOT","KG_CAP","A","1991",406.389,"B"
"ITA","WASTEMUN","TOT","KG_CAP","A","1993",456.313,
"ITA","WASTEMUN","TOT","KG_CAP","A","1995",450.901,
"ITA","WASTEMUN","TOT","KG_CAP","A","1996",454.918,
"ITA","WASTEMUN","TOT","KG_CAP","A","1997",467.545,
"ITA","WASTEMUN","TOT","KG_CAP","A","1998",473.118,
"ITA","WASTEMUN","TOT","KG_CAP","A","1999",500.639,
"ITA","WASTEMUN","TOT","KG_CAP","A","2000",510.811,
"ITA","WASTEMUN","TOT","KG_CAP","A","2001",517.08,
"ITA","WASTEMUN","TOT","KG_CAP","A","2002",522.258,
"ITA","WASTEMUN","TOT","KG_CAP","A","2003",521.762,
"ITA","WASTEMUN","TOT","KG_CAP","A","2004",537.547,
"ITA","WASTEMUN","TOT","KG_CAP","A","2005",543.366,
"ITA","WASTEMUN","TOT","KG_CAP","A","2006",555.424,
"ITA","WASTEMUN","TOT","KG_CAP","A","2007",553.824,
"ITA","WASTEMUN","TOT","KG_CAP","A","2008",550.914,
"ITA","WASTEMUN","TOT","KG_CAP","A","2009",543.214,
"ITA","WASTEMUN","TOT","KG_CAP","A","2010",546.816,
"ITA","WASTEMUN","TOT","KG_CAP","A","2011",526.707,
"ITA","WASTEMUN","TOT","KG_CAP","A","2012",500.906,
"ITA","WASTEMUN","TOT","KG_CAP","A","2013",491.517,
"ITA","WASTEMUN","TOT","KG_CAP","A","2014",490.849,
"ITA","WASTEMUN","TOT","KG_CAP","A","2015",487.368,
"ITA","WASTEMUN","TOT","KG_CAP","A","2016",496.381,
"ITA","WASTEMUN","TOT","KG_CAP","A","2017",487.394,
"ITA","WASTEMUN","TOT","KG_CAP","A","2018",497.548,
"ITA","WASTEMUN","TOT","KG_CAP","A","2019",495.837,
"JPN","WASTEMUN","TOT","KG_CAP","A","1980",372.951,
"JPN","WASTEMUN","TOT","KG_CAP","A","1985",345.363,
"JPN","WASTEMUN","TOT","KG_CAP","A","1986",354.226,
"JPN","WASTEMUN","TOT","KG_CAP","A","1987",368.681,
"JPN","WASTEMUN","TOT","KG_CAP","A","1988",384.32,
"JPN","WASTEMUN","TOT","KG_CAP","A","1989",397.789,
"JPN","WASTEMUN","TOT","KG_CAP","A","1990",403.651,
"JPN","WASTEMUN","TOT","KG_CAP","A","1991",409.286,
"JPN","WASTEMUN","TOT","KG_CAP","A","1992",406.147,
"JPN","WASTEMUN","TOT","KG_CAP","A","1993",407.835,
"JPN","WASTEMUN","TOT","KG_CAP","A","1994",410.938,
"JPN","WASTEMUN","TOT","KG_CAP","A","1995",413.277,
"JPN","WASTEMUN","TOT","KG_CAP","A","1996",417.769,
"JPN","WASTEMUN","TOT","KG_CAP","A","1997",418.448,
"JPN","WASTEMUN","TOT","KG_CAP","A","1998",421.697,
"JPN","WASTEMUN","TOT","KG_CAP","A","1999",421.744,
"JPN","WASTEMUN","TOT","KG_CAP","A","2000",429.981,
"JPN","WASTEMUN","TOT","KG_CAP","A","2001",428.153,
"JPN","WASTEMUN","TOT","KG_CAP","A","2002",423.784,
"JPN","WASTEMUN","TOT","KG_CAP","A","2003",423.799,
"JPN","WASTEMUN","TOT","KG_CAP","A","2004",416.336,
"JPN","WASTEMUN","TOT","KG_CAP","A","2005",410.828,
"JPN","WASTEMUN","TOT","KG_CAP","A","2006",405.1,
"JPN","WASTEMUN","TOT","KG_CAP","A","2007",395.474,
"JPN","WASTEMUN","TOT","KG_CAP","A","2008",374.253,
"JPN","WASTEMUN","TOT","KG_CAP","A","2009",359.783,
"JPN","WASTEMUN","TOT","KG_CAP","A","2010",352.872,
"JPN","WASTEMUN","TOT","KG_CAP","A","2011",353.544,
"JPN","WASTEMUN","TOT","KG_CAP","A","2012",352.225,
"JPN","WASTEMUN","TOT","KG_CAP","A","2013",349.72,
"JPN","WASTEMUN","TOT","KG_CAP","A","2014",345.771,
"JPN","WASTEMUN","TOT","KG_CAP","A","2015",343.641,
"JPN","WASTEMUN","TOT","KG_CAP","A","2016",337.891,
"JPN","WASTEMUN","TOT","KG_CAP","A","2017",336.416,
"JPN","WASTEMUN","TOT","KG_CAP","A","2018",335.898,
"JPN","WASTEMUN","TOT","KG_CAP","A","2019",336.882,
"KOR","WASTEMUN","TOT","KG_CAP","A","1985",514.505,
"KOR","WASTEMUN","TOT","KG_CAP","A","1987",586.911,
"KOR","WASTEMUN","TOT","KG_CAP","A","1988",632.205,
"KOR","WASTEMUN","TOT","KG_CAP","A","1989",670.202,
"KOR","WASTEMUN","TOT","KG_CAP","A","1990",714.055,
"KOR","WASTEMUN","TOT","KG_CAP","A","1991",776.282,
"KOR","WASTEMUN","TOT","KG_CAP","A","1992",625.111,
"KOR","WASTEMUN","TOT","KG_CAP","A","1993",518.17,
"KOR","WASTEMUN","TOT","KG_CAP","A","1994",473.295,
"KOR","WASTEMUN","TOT","KG_CAP","A","1995",385.008,
"KOR","WASTEMUN","TOT","KG_CAP","A","1996",398.299,
"KOR","WASTEMUN","TOT","KG_CAP","A","1997",378.424,
"KOR","WASTEMUN","TOT","KG_CAP","A","1998",349.047,
"KOR","WASTEMUN","TOT","KG_CAP","A","1999",354.108,
"KOR","WASTEMUN","TOT","KG_CAP","A","2000",357.75,
"KOR","WASTEMUN","TOT","KG_CAP","A","2001",371.065,
"KOR","WASTEMUN","TOT","KG_CAP","A","2002",379.466,
"KOR","WASTEMUN","TOT","KG_CAP","A","2003",383.725,
"KOR","WASTEMUN","TOT","KG_CAP","A","2004",376.381,
"KOR","WASTEMUN","TOT","KG_CAP","A","2005",362.723,
"KOR","WASTEMUN","TOT","KG_CAP","A","2006",364.727,
"KOR","WASTEMUN","TOT","KG_CAP","A","2007",374.754,
"KOR","WASTEMUN","TOT","KG_CAP","A","2008",386.439,
"KOR","WASTEMUN","TOT","KG_CAP","A","2009",376.534,
"KOR","WASTEMUN","TOT","KG_CAP","A","2010",362.151,
"KOR","WASTEMUN","TOT","KG_CAP","A","2011",358.754,
"KOR","WASTEMUN","TOT","KG_CAP","A","2012",357.187,
"KOR","WASTEMUN","TOT","KG_CAP","A","2013",353.277,
"KOR","WASTEMUN","TOT","KG_CAP","A","2014",360.003,
"KOR","WASTEMUN","TOT","KG_CAP","A","2015",368.041,
"KOR","WASTEMUN","TOT","KG_CAP","A","2016",384.968,
"KOR","WASTEMUN","TOT","KG_CAP","A","2017",382.095,
"KOR","WASTEMUN","TOT","KG_CAP","A","2018",399.692,
"KOR","WASTEMUN","TOT","KG_CAP","A","2019",412.997,
"LUX","WASTEMUN","TOT","KG_CAP","A","1975",336.177,
"LUX","WASTEMUN","TOT","KG_CAP","A","1980",351.6,
"LUX","WASTEMUN","TOT","KG_CAP","A","1985",357.065,
"LUX","WASTEMUN","TOT","KG_CAP","A","1989",450.081,
"LUX","WASTEMUN","TOT","KG_CAP","A","1990",585.678,
"LUX","WASTEMUN","TOT","KG_CAP","A","1991",561.135,
"LUX","WASTEMUN","TOT","KG_CAP","A","1992",499.54,
"LUX","WASTEMUN","TOT","KG_CAP","A","1993",506.489,"B"
"LUX","WASTEMUN","TOT","KG_CAP","A","1994",487.29,
"LUX","WASTEMUN","TOT","KG_CAP","A","1995",588.132,
"LUX","WASTEMUN","TOT","KG_CAP","A","1996",585.267,
"LUX","WASTEMUN","TOT","KG_CAP","A","1997",602.862,
"LUX","WASTEMUN","TOT","KG_CAP","A","1998",623.7,
"LUX","WASTEMUN","TOT","KG_CAP","A","1999",644.368,
"LUX","WASTEMUN","TOT","KG_CAP","A","2000",654.101,
"LUX","WASTEMUN","TOT","KG_CAP","A","2001",647.91,
"LUX","WASTEMUN","TOT","KG_CAP","A","2002",656.458,
"LUX","WASTEMUN","TOT","KG_CAP","A","2003",685.035,
"LUX","WASTEMUN","TOT","KG_CAP","A","2004",688.084,
"LUX","WASTEMUN","TOT","KG_CAP","A","2005",683.106,
"LUX","WASTEMUN","TOT","KG_CAP","A","2006",692.962,
"LUX","WASTEMUN","TOT","KG_CAP","A","2007",701.95,
"LUX","WASTEMUN","TOT","KG_CAP","A","2008",701.875,
"LUX","WASTEMUN","TOT","KG_CAP","A","2009",680.992,
"LUX","WASTEMUN","TOT","KG_CAP","A","2010",677.824,
"LUX","WASTEMUN","TOT","KG_CAP","A","2011",664.979,
"LUX","WASTEMUN","TOT","KG_CAP","A","2012",651.954,
"LUX","WASTEMUN","TOT","KG_CAP","A","2013",616.939,
"LUX","WASTEMUN","TOT","KG_CAP","A","2014",627.852,
"LUX","WASTEMUN","TOT","KG_CAP","A","2015",610.421,
"LUX","WASTEMUN","TOT","KG_CAP","A","2016",818.428,"B"
"LUX","WASTEMUN","TOT","KG_CAP","A","2017",803.887,
"LUX","WASTEMUN","TOT","KG_CAP","A","2018",808.143,
"LUX","WASTEMUN","TOT","KG_CAP","A","2019",796.947,"E"
"LUX","WASTEMUN","TOT","KG_CAP","A","2020",795.176,
"MEX","WASTEMUN","TOT","KG_CAP","A","1991",246.307,
"MEX","WASTEMUN","TOT","KG_CAP","A","1992",252.282,
"MEX","WASTEMUN","TOT","KG_CAP","A","1993",316.946,
"MEX","WASTEMUN","TOT","KG_CAP","A","1994",326.903,
"MEX","WASTEMUN","TOT","KG_CAP","A","1995",332.844,
"MEX","WASTEMUN","TOT","KG_CAP","A","1996",343.107,
"MEX","WASTEMUN","TOT","KG_CAP","A","1997",309.397,
"MEX","WASTEMUN","TOT","KG_CAP","A","1998",318.048,
"MEX","WASTEMUN","TOT","KG_CAP","A","1999",317.506,
"MEX","WASTEMUN","TOT","KG_CAP","A","2000",310.749,
"MEX","WASTEMUN","TOT","KG_CAP","A","2001",313.95,
"MEX","WASTEMUN","TOT","KG_CAP","A","2002",316.405,
"MEX","WASTEMUN","TOT","KG_CAP","A","2003",319.319,
"MEX","WASTEMUN","TOT","KG_CAP","A","2004",331.091,
"MEX","WASTEMUN","TOT","KG_CAP","A","2005",333.992,
"MEX","WASTEMUN","TOT","KG_CAP","A","2006",335.952,
"MEX","WASTEMUN","TOT","KG_CAP","A","2007",337.683,
"MEX","WASTEMUN","TOT","KG_CAP","A","2008",339.258,
"MEX","WASTEMUN","TOT","KG_CAP","A","2009",340.776,
"MEX","WASTEMUN","TOT","KG_CAP","A","2010",351.106,
"MEX","WASTEMUN","TOT","KG_CAP","A","2011",354.919,
"MEX","WASTEMUN","TOT","KG_CAP","A","2012",359.011,
"NLD","WASTEMUN","TOT","KG_CAP","A","1981",495.65,
"NLD","WASTEMUN","TOT","KG_CAP","A","1985",477.678,
"NLD","WASTEMUN","TOT","KG_CAP","A","1988",467.036,
"NLD","WASTEMUN","TOT","KG_CAP","A","1989",492.445,
"NLD","WASTEMUN","TOT","KG_CAP","A","1990",496.477,
"NLD","WASTEMUN","TOT","KG_CAP","A","1991",495.867,
"NLD","WASTEMUN","TOT","KG_CAP","A","1993",548.664,
"NLD","WASTEMUN","TOT","KG_CAP","A","1994",553.122,
"NLD","WASTEMUN","TOT","KG_CAP","A","1995",538.989,
"NLD","WASTEMUN","TOT","KG_CAP","A","1996",550.335,
"NLD","WASTEMUN","TOT","KG_CAP","A","1997",573.984,
"NLD","WASTEMUN","TOT","KG_CAP","A","1998",575.969,
"NLD","WASTEMUN","TOT","KG_CAP","A","1999",581.288,
"NLD","WASTEMUN","TOT","KG_CAP","A","2000",598.323,
"NLD","WASTEMUN","TOT","KG_CAP","A","2001",596.2,
"NLD","WASTEMUN","TOT","KG_CAP","A","2002",601.104,
"NLD","WASTEMUN","TOT","KG_CAP","A","2003",586.632,
"NLD","WASTEMUN","TOT","KG_CAP","A","2004",598.385,
"NLD","WASTEMUN","TOT","KG_CAP","A","2005",596.866,
"NLD","WASTEMUN","TOT","KG_CAP","A","2006",593.732,
"NLD","WASTEMUN","TOT","KG_CAP","A","2007",601.091,
"NLD","WASTEMUN","TOT","KG_CAP","A","2008",595.602,
"NLD","WASTEMUN","TOT","KG_CAP","A","2009",585.696,
"NLD","WASTEMUN","TOT","KG_CAP","A","2010",568.485,
"NLD","WASTEMUN","TOT","KG_CAP","A","2011",566.31,
"NLD","WASTEMUN","TOT","KG_CAP","A","2012",548.063,
"NLD","WASTEMUN","TOT","KG_CAP","A","2013",524.831,
"NLD","WASTEMUN","TOT","KG_CAP","A","2014",526.505,
"NLD","WASTEMUN","TOT","KG_CAP","A","2015",523.423,
"NLD","WASTEMUN","TOT","KG_CAP","A","2016",521.81,
"NLD","WASTEMUN","TOT","KG_CAP","A","2017",516.528,
"NLD","WASTEMUN","TOT","KG_CAP","A","2018",516.192,
"NLD","WASTEMUN","TOT","KG_CAP","A","2019",515.058,
"NLD","WASTEMUN","TOT","KG_CAP","A","2020",543.978,
"NZL","WASTEMUN","TOT","KG_CAP","A","1980",645.139,
"NZL","WASTEMUN","TOT","KG_CAP","A","1990",979.936,
"NZL","WASTEMUN","TOT","KG_CAP","A","1995",865.32,
"NZL","WASTEMUN","TOT","KG_CAP","A","2002",762.515,
"NZL","WASTEMUN","TOT","KG_CAP","A","2003",764.532,
"NZL","WASTEMUN","TOT","KG_CAP","A","2004",780.802,
"NZL","WASTEMUN","TOT","KG_CAP","A","2006",753.963,
"NZL","WASTEMUN","TOT","KG_CAP","A","2010",579.397,
"NZL","WASTEMUN","TOT","KG_CAP","A","2011",568.497,
"NZL","WASTEMUN","TOT","KG_CAP","A","2012",562.61,
"NZL","WASTEMUN","TOT","KG_CAP","A","2013",594,
"NZL","WASTEMUN","TOT","KG_CAP","A","2014",641.705,
"NZL","WASTEMUN","TOT","KG_CAP","A","2015",698.013,
"NZL","WASTEMUN","TOT","KG_CAP","A","2016",730.801,
"NZL","WASTEMUN","TOT","KG_CAP","A","2017",740.319,
"NZL","WASTEMUN","TOT","KG_CAP","A","2018",781.13,
"NOR","WASTEMUN","TOT","KG_CAP","A","1975",558.09,
"NOR","WASTEMUN","TOT","KG_CAP","A","1980",547.431,
"NOR","WASTEMUN","TOT","KG_CAP","A","1985",592.327,
"NOR","WASTEMUN","TOT","KG_CAP","A","1990",553.986,
"NOR","WASTEMUN","TOT","KG_CAP","A","1992",533.825,
"NOR","WASTEMUN","TOT","KG_CAP","A","1993",529.46,
"NOR","WASTEMUN","TOT","KG_CAP","A","1994",561.812,
"NOR","WASTEMUN","TOT","KG_CAP","A","1995",636.079,
"NOR","WASTEMUN","TOT","KG_CAP","A","1996",641.341,
"NOR","WASTEMUN","TOT","KG_CAP","A","1997",628.067,
"NOR","WASTEMUN","TOT","KG_CAP","A","1998",649.148,
"NOR","WASTEMUN","TOT","KG_CAP","A","1999",598.293,
"NOR","WASTEMUN","TOT","KG_CAP","A","2000",618.491,
"NOR","WASTEMUN","TOT","KG_CAP","A","2001",363.786,"B"
"NOR","WASTEMUN","TOT","KG_CAP","A","2002",395.506,
"NOR","WASTEMUN","TOT","KG_CAP","A","2003",405.8,
"NOR","WASTEMUN","TOT","KG_CAP","A","2004",418.037,
"NOR","WASTEMUN","TOT","KG_CAP","A","2005",429.129,
"NOR","WASTEMUN","TOT","KG_CAP","A","2006",462.577,
"NOR","WASTEMUN","TOT","KG_CAP","A","2007",494.841,
"NOR","WASTEMUN","TOT","KG_CAP","A","2008",492.029,
"NOR","WASTEMUN","TOT","KG_CAP","A","2009",474.827,
"NOR","WASTEMUN","TOT","KG_CAP","A","2010",469.721,
"NOR","WASTEMUN","TOT","KG_CAP","A","2011",485.618,
"NOR","WASTEMUN","TOT","KG_CAP","A","2012",477.091,
"NOR","WASTEMUN","TOT","KG_CAP","A","2013",495.714,
"NOR","WASTEMUN","TOT","KG_CAP","A","2014",423.051,"B"
"NOR","WASTEMUN","TOT","KG_CAP","A","2015",420.633,
"NOR","WASTEMUN","TOT","KG_CAP","A","2016",751.515,"B"
"NOR","WASTEMUN","TOT","KG_CAP","A","2017",745.652,
"NOR","WASTEMUN","TOT","KG_CAP","A","2018",735.656,
"NOR","WASTEMUN","TOT","KG_CAP","A","2019",771.687,
"NOR","WASTEMUN","TOT","KG_CAP","A","2020",720.314,"B"
"POL","WASTEMUN","TOT","KG_CAP","A","1975",192.165,
"POL","WASTEMUN","TOT","KG_CAP","A","1980",282.923,
"POL","WASTEMUN","TOT","KG_CAP","A","1985",298.568,
"POL","WASTEMUN","TOT","KG_CAP","A","1990",292.359,
"POL","WASTEMUN","TOT","KG_CAP","A","1991",279.338,
"POL","WASTEMUN","TOT","KG_CAP","A","1992",278.054,
"POL","WASTEMUN","TOT","KG_CAP","A","1993",277.928,
"POL","WASTEMUN","TOT","KG_CAP","A","1994",286.928,
"POL","WASTEMUN","TOT","KG_CAP","A","1995",285.632,
"POL","WASTEMUN","TOT","KG_CAP","A","1996",301.768,
"POL","WASTEMUN","TOT","KG_CAP","A","1997",316.073,
"POL","WASTEMUN","TOT","KG_CAP","A","1998",306.683,
"POL","WASTEMUN","TOT","KG_CAP","A","1999",319.359,
"POL","WASTEMUN","TOT","KG_CAP","A","2000",317.091,
"POL","WASTEMUN","TOT","KG_CAP","A","2001",288.324,
"POL","WASTEMUN","TOT","KG_CAP","A","2002",273.042,
"POL","WASTEMUN","TOT","KG_CAP","A","2003",258.182,
"POL","WASTEMUN","TOT","KG_CAP","A","2004",254.144,
"POL","WASTEMUN","TOT","KG_CAP","A","2005",317.157,
"POL","WASTEMUN","TOT","KG_CAP","A","2006",318.998,"E"
"POL","WASTEMUN","TOT","KG_CAP","A","2007",319.764,"E"
"POL","WASTEMUN","TOT","KG_CAP","A","2008",317.91,"E"
"POL","WASTEMUN","TOT","KG_CAP","A","2009",314.274,"E"
"POL","WASTEMUN","TOT","KG_CAP","A","2010",313.907,"E"
"POL","WASTEMUN","TOT","KG_CAP","A","2011",316.793,"E"
"POL","WASTEMUN","TOT","KG_CAP","A","2012",316.111,"E"
"POL","WASTEMUN","TOT","KG_CAP","A","2013",296.006,
"POL","WASTEMUN","TOT","KG_CAP","A","2014",271.192,
"POL","WASTEMUN","TOT","KG_CAP","A","2015",285.612,"E"
"POL","WASTEMUN","TOT","KG_CAP","A","2016",306.78,"E"
"POL","WASTEMUN","TOT","KG_CAP","A","2017",315.355,"E"
"POL","WASTEMUN","TOT","KG_CAP","A","2018",329.243,
"POL","WASTEMUN","TOT","KG_CAP","A","2019",336.594,
"POL","WASTEMUN","TOT","KG_CAP","A","2020",346.581,
"PRT","WASTEMUN","TOT","KG_CAP","A","1980",203.057,
"PRT","WASTEMUN","TOT","KG_CAP","A","1990",303.172,
"PRT","WASTEMUN","TOT","KG_CAP","A","1992",328.6,
"PRT","WASTEMUN","TOT","KG_CAP","A","1993",356.42,
"PRT","WASTEMUN","TOT","KG_CAP","A","1994",378.297,
"PRT","WASTEMUN","TOT","KG_CAP","A","1995",349.702,
"PRT","WASTEMUN","TOT","KG_CAP","A","1996",369.098,
"PRT","WASTEMUN","TOT","KG_CAP","A","1997",394.436,
"PRT","WASTEMUN","TOT","KG_CAP","A","1998",410.984,
"PRT","WASTEMUN","TOT","KG_CAP","A","1999",431.703,
"PRT","WASTEMUN","TOT","KG_CAP","A","2000",456.881,
"PRT","WASTEMUN","TOT","KG_CAP","A","2001",455.368,
"PRT","WASTEMUN","TOT","KG_CAP","A","2002",442.437,"B"
"PRT","WASTEMUN","TOT","KG_CAP","A","2003",449.947,
"PRT","WASTEMUN","TOT","KG_CAP","A","2004",445.537,
"PRT","WASTEMUN","TOT","KG_CAP","A","2005",451.557,
"PRT","WASTEMUN","TOT","KG_CAP","A","2006",464.588,
"PRT","WASTEMUN","TOT","KG_CAP","A","2007",469.8,"B"
"PRT","WASTEMUN","TOT","KG_CAP","A","2008",516.44,
"PRT","WASTEMUN","TOT","KG_CAP","A","2009",518.317,
"PRT","WASTEMUN","TOT","KG_CAP","A","2010",515.016,
"PRT","WASTEMUN","TOT","KG_CAP","A","2011",489.884,
"PRT","WASTEMUN","TOT","KG_CAP","A","2012",452.763,
"PRT","WASTEMUN","TOT","KG_CAP","A","2013",439.027,
"PRT","WASTEMUN","TOT","KG_CAP","A","2014",452.137,
"PRT","WASTEMUN","TOT","KG_CAP","A","2015",459.939,"B"
"PRT","WASTEMUN","TOT","KG_CAP","A","2016",473.64,
"PRT","WASTEMUN","TOT","KG_CAP","A","2017",486.615,
"PRT","WASTEMUN","TOT","KG_CAP","A","2018",508.293,
"PRT","WASTEMUN","TOT","KG_CAP","A","2019",516.457,
"PRT","WASTEMUN","TOT","KG_CAP","A","2020",517.667,
"SVK","WASTEMUN","TOT","KG_CAP","A","1987",364.178,
"SVK","WASTEMUN","TOT","KG_CAP","A","1992",300.242,
"SVK","WASTEMUN","TOT","KG_CAP","A","1993",299.221,
"SVK","WASTEMUN","TOT","KG_CAP","A","1994",298.347,
"SVK","WASTEMUN","TOT","KG_CAP","A","1995",294.019,
"SVK","WASTEMUN","TOT","KG_CAP","A","1996",274.614,
"SVK","WASTEMUN","TOT","KG_CAP","A","1997",273.985,
"SVK","WASTEMUN","TOT","KG_CAP","A","1998",258.746,
"SVK","WASTEMUN","TOT","KG_CAP","A","1999",260.818,
"SVK","WASTEMUN","TOT","KG_CAP","A","2000",253.498,
"SVK","WASTEMUN","TOT","KG_CAP","A","2001",238.143,
"SVK","WASTEMUN","TOT","KG_CAP","A","2002",268.348,"B"
"SVK","WASTEMUN","TOT","KG_CAP","A","2003",279.868,
"SVK","WASTEMUN","TOT","KG_CAP","A","2004",259.295,
"SVK","WASTEMUN","TOT","KG_CAP","A","2005",271.862,
"SVK","WASTEMUN","TOT","KG_CAP","A","2006",282.29,
"SVK","WASTEMUN","TOT","KG_CAP","A","2007",292.489,
"SVK","WASTEMUN","TOT","KG_CAP","A","2008",312.172,
"SVK","WASTEMUN","TOT","KG_CAP","A","2009",306.296,
"SVK","WASTEMUN","TOT","KG_CAP","A","2010",318.082,
"SVK","WASTEMUN","TOT","KG_CAP","A","2011",310.398,
"SVK","WASTEMUN","TOT","KG_CAP","A","2012",305.929,
"SVK","WASTEMUN","TOT","KG_CAP","A","2013",303.343,
"SVK","WASTEMUN","TOT","KG_CAP","A","2014",319.222,
"SVK","WASTEMUN","TOT","KG_CAP","A","2015",328.239,
"SVK","WASTEMUN","TOT","KG_CAP","A","2016",347.212,
"SVK","WASTEMUN","TOT","KG_CAP","A","2017",377.722,
"SVK","WASTEMUN","TOT","KG_CAP","A","2018",413.365,
"SVK","WASTEMUN","TOT","KG_CAP","A","2019",421.267,
"SVK","WASTEMUN","TOT","KG_CAP","A","2020",433.293,
"ESP","WASTEMUN","TOT","KG_CAP","A","1995",504.582,
"ESP","WASTEMUN","TOT","KG_CAP","A","1996",529.335,
"ESP","WASTEMUN","TOT","KG_CAP","A","1997",553.871,
"ESP","WASTEMUN","TOT","KG_CAP","A","1998",557.764,
"ESP","WASTEMUN","TOT","KG_CAP","A","1999",604.878,
"ESP","WASTEMUN","TOT","KG_CAP","A","2000",649.239,
"ESP","WASTEMUN","TOT","KG_CAP","A","2001",644.152,
"ESP","WASTEMUN","TOT","KG_CAP","A","2002",629.873,
"ESP","WASTEMUN","TOT","KG_CAP","A","2003",640.194,
"ESP","WASTEMUN","TOT","KG_CAP","A","2004",594.481,
"ESP","WASTEMUN","TOT","KG_CAP","A","2005",583.451,
"ESP","WASTEMUN","TOT","KG_CAP","A","2006",585.961,
"ESP","WASTEMUN","TOT","KG_CAP","A","2007",575.71,
"ESP","WASTEMUN","TOT","KG_CAP","A","2008",549.546,
"ESP","WASTEMUN","TOT","KG_CAP","A","2009",538.988,
"ESP","WASTEMUN","TOT","KG_CAP","A","2010",506.582,
"ESP","WASTEMUN","TOT","KG_CAP","A","2011",481.529,
"ESP","WASTEMUN","TOT","KG_CAP","A","2012",465.255,
"ESP","WASTEMUN","TOT","KG_CAP","A","2013",451.395,
"ESP","WASTEMUN","TOT","KG_CAP","A","2014",445.432,
"ESP","WASTEMUN","TOT","KG_CAP","A","2015",453.33,
"ESP","WASTEMUN","TOT","KG_CAP","A","2016",461.932,
"ESP","WASTEMUN","TOT","KG_CAP","A","2017",472.007,
"ESP","WASTEMUN","TOT","KG_CAP","A","2018",476.076,
"ESP","WASTEMUN","TOT","KG_CAP","A","2019",476.321,
"ESP","WASTEMUN","TOT","KG_CAP","A","2020",460.477,"E"
"SWE","WASTEMUN","TOT","KG_CAP","A","1975",292.778,
"SWE","WASTEMUN","TOT","KG_CAP","A","1980",300.613,
"SWE","WASTEMUN","TOT","KG_CAP","A","1985",299.127,
"SWE","WASTEMUN","TOT","KG_CAP","A","1990",373.51,
"SWE","WASTEMUN","TOT","KG_CAP","A","1994",398.602,
"SWE","WASTEMUN","TOT","KG_CAP","A","1995",385.337,
"SWE","WASTEMUN","TOT","KG_CAP","A","1996",390.33,
"SWE","WASTEMUN","TOT","KG_CAP","A","1997",414.709,
"SWE","WASTEMUN","TOT","KG_CAP","A","1998",432.766,
"SWE","WASTEMUN","TOT","KG_CAP","A","1999",425.33,
"SWE","WASTEMUN","TOT","KG_CAP","A","2000",424.809,
"SWE","WASTEMUN","TOT","KG_CAP","A","2001",439.12,
"SWE","WASTEMUN","TOT","KG_CAP","A","2002",465.098,
"SWE","WASTEMUN","TOT","KG_CAP","A","2003",464.641,
"SWE","WASTEMUN","TOT","KG_CAP","A","2004",460.799,
"SWE","WASTEMUN","TOT","KG_CAP","A","2005",478.029,
"SWE","WASTEMUN","TOT","KG_CAP","A","2006",490.455,
"SWE","WASTEMUN","TOT","KG_CAP","A","2007",486.738,
"SWE","WASTEMUN","TOT","KG_CAP","A","2008",484.6,
"SWE","WASTEMUN","TOT","KG_CAP","A","2009",471.432,
"SWE","WASTEMUN","TOT","KG_CAP","A","2010",440.899,
"SWE","WASTEMUN","TOT","KG_CAP","A","2011",451.886,
"SWE","WASTEMUN","TOT","KG_CAP","A","2012",453.065,
"SWE","WASTEMUN","TOT","KG_CAP","A","2013",454.508,
"SWE","WASTEMUN","TOT","KG_CAP","A","2014",443.129,
"SWE","WASTEMUN","TOT","KG_CAP","A","2015",452.8,
"SWE","WASTEMUN","TOT","KG_CAP","A","2016",451.342,
"SWE","WASTEMUN","TOT","KG_CAP","A","2017",459.463,
"SWE","WASTEMUN","TOT","KG_CAP","A","2018",442.812,
"SWE","WASTEMUN","TOT","KG_CAP","A","2019",459.41,
"SWE","WASTEMUN","TOT","KG_CAP","A","2020",441.597,"B"
"CHE","WASTEMUN","TOT","KG_CAP","A","1980",443.997,
"CHE","WASTEMUN","TOT","KG_CAP","A","1985",527.984,
"CHE","WASTEMUN","TOT","KG_CAP","A","1986",551.378,
"CHE","WASTEMUN","TOT","KG_CAP","A","1987",570.609,
"CHE","WASTEMUN","TOT","KG_CAP","A","1988",593.995,
"CHE","WASTEMUN","TOT","KG_CAP","A","1989",615.761,
"CHE","WASTEMUN","TOT","KG_CAP","A","1990",616.366,
"CHE","WASTEMUN","TOT","KG_CAP","A","1991",614.87,
"CHE","WASTEMUN","TOT","KG_CAP","A","1992",603.085,
"CHE","WASTEMUN","TOT","KG_CAP","A","1993",602.742,
"CHE","WASTEMUN","TOT","KG_CAP","A","1994",599.777,
"CHE","WASTEMUN","TOT","KG_CAP","A","1995",606.102,
"CHE","WASTEMUN","TOT","KG_CAP","A","1996",608.125,
"CHE","WASTEMUN","TOT","KG_CAP","A","1997",607.484,
"CHE","WASTEMUN","TOT","KG_CAP","A","1998",616.066,
"CHE","WASTEMUN","TOT","KG_CAP","A","1999",640.194,
"CHE","WASTEMUN","TOT","KG_CAP","A","2000",662.256,
"CHE","WASTEMUN","TOT","KG_CAP","A","2001",667.765,
"CHE","WASTEMUN","TOT","KG_CAP","A","2002",683.621,
"CHE","WASTEMUN","TOT","KG_CAP","A","2003",676.356,
"CHE","WASTEMUN","TOT","KG_CAP","A","2004",669.058,
"CHE","WASTEMUN","TOT","KG_CAP","A","2005",668.759,
"CHE","WASTEMUN","TOT","KG_CAP","A","2006",714.673,
"CHE","WASTEMUN","TOT","KG_CAP","A","2007",725.091,
"CHE","WASTEMUN","TOT","KG_CAP","A","2008",741.588,
"CHE","WASTEMUN","TOT","KG_CAP","A","2009",707.943,
"CHE","WASTEMUN","TOT","KG_CAP","A","2010",712.669,
"CHE","WASTEMUN","TOT","KG_CAP","A","2011",692.805,
"CHE","WASTEMUN","TOT","KG_CAP","A","2012",696.303,
"CHE","WASTEMUN","TOT","KG_CAP","A","2013",703.92,
"CHE","WASTEMUN","TOT","KG_CAP","A","2014",731.903,
"CHE","WASTEMUN","TOT","KG_CAP","A","2015",726.788,
"CHE","WASTEMUN","TOT","KG_CAP","A","2016",721.964,
"CHE","WASTEMUN","TOT","KG_CAP","A","2017",708.626,
"CHE","WASTEMUN","TOT","KG_CAP","A","2018",705.169,
"CHE","WASTEMUN","TOT","KG_CAP","A","2019",707.571,
"CHE","WASTEMUN","TOT","KG_CAP","A","2020",704.364,
"TUR","WASTEMUN","TOT","KG_CAP","A","1975",254.6,
"TUR","WASTEMUN","TOT","KG_CAP","A","1980",272.876,
"TUR","WASTEMUN","TOT","KG_CAP","A","1985",366.346,
"TUR","WASTEMUN","TOT","KG_CAP","A","1989",367.977,
"TUR","WASTEMUN","TOT","KG_CAP","A","1991",406.907,
"TUR","WASTEMUN","TOT","KG_CAP","A","1994",407.336,
"TUR","WASTEMUN","TOT","KG_CAP","A","1995",465.649,
"TUR","WASTEMUN","TOT","KG_CAP","A","1996",493.88,
"TUR","WASTEMUN","TOT","KG_CAP","A","1997",529.111,
"TUR","WASTEMUN","TOT","KG_CAP","A","1998",537.634,
"TUR","WASTEMUN","TOT","KG_CAP","A","1999",489.185,"E"
"TUR","WASTEMUN","TOT","KG_CAP","A","2000",484.138,"E"
"TUR","WASTEMUN","TOT","KG_CAP","A","2001",483.405,
"TUR","WASTEMUN","TOT","KG_CAP","A","2002",475.848,
"TUR","WASTEMUN","TOT","KG_CAP","A","2003",470.293,
"TUR","WASTEMUN","TOT","KG_CAP","A","2004",443.751,"B"
"TUR","WASTEMUN","TOT","KG_CAP","A","2005",461.712,"E"
"TUR","WASTEMUN","TOT","KG_CAP","A","2006",437.51,
"TUR","WASTEMUN","TOT","KG_CAP","A","2007",436.401,"E"
"TUR","WASTEMUN","TOT","KG_CAP","A","2008",404.069,
"TUR","WASTEMUN","TOT","KG_CAP","A","2009",423.379,"E"
"TUR","WASTEMUN","TOT","KG_CAP","A","2010",411.091,
"TUR","WASTEMUN","TOT","KG_CAP","A","2011",420.216,"E"
"TUR","WASTEMUN","TOT","KG_CAP","A","2012",412.399,
"TUR","WASTEMUN","TOT","KG_CAP","A","2013",407.242,"E"
"TUR","WASTEMUN","TOT","KG_CAP","A","2014",404.38,"E"
"TUR","WASTEMUN","TOT","KG_CAP","A","2015",398.36,"E"
"TUR","WASTEMUN","TOT","KG_CAP","A","2016",422.948,
"TUR","WASTEMUN","TOT","KG_CAP","A","2017",421.283,"E"
"TUR","WASTEMUN","TOT","KG_CAP","A","2018",419.395,"E"
"TUR","WASTEMUN","TOT","KG_CAP","A","2019",419.724,"E"
"GBR","WASTEMUN","TOT","KG_CAP","A","1990",474.32,
"GBR","WASTEMUN","TOT","KG_CAP","A","1995",498.857,
"GBR","WASTEMUN","TOT","KG_CAP","A","1996",511.929,
"GBR","WASTEMUN","TOT","KG_CAP","A","1997",532.386,
"GBR","WASTEMUN","TOT","KG_CAP","A","1998",541.737,
"GBR","WASTEMUN","TOT","KG_CAP","A","1999",568.705,
"GBR","WASTEMUN","TOT","KG_CAP","A","2000",576.241,
"GBR","WASTEMUN","TOT","KG_CAP","A","2001",591.043,
"GBR","WASTEMUN","TOT","KG_CAP","A","2002",598.925,
"GBR","WASTEMUN","TOT","KG_CAP","A","2003",592.313,
"GBR","WASTEMUN","TOT","KG_CAP","A","2004",603.296,
"GBR","WASTEMUN","TOT","KG_CAP","A","2005",582.554,
"GBR","WASTEMUN","TOT","KG_CAP","A","2006",583.331,
"GBR","WASTEMUN","TOT","KG_CAP","A","2007",565.941,
"GBR","WASTEMUN","TOT","KG_CAP","A","2008",537.838,
"GBR","WASTEMUN","TOT","KG_CAP","A","2009",517.399,
"GBR","WASTEMUN","TOT","KG_CAP","A","2010",503.539,
"GBR","WASTEMUN","TOT","KG_CAP","A","2011",485.241,
"GBR","WASTEMUN","TOT","KG_CAP","A","2012",471.334,
"GBR","WASTEMUN","TOT","KG_CAP","A","2013",475.354,
"GBR","WASTEMUN","TOT","KG_CAP","A","2014",475.848,
"GBR","WASTEMUN","TOT","KG_CAP","A","2015",477.907,
"GBR","WASTEMUN","TOT","KG_CAP","A","2016",478.295,
"GBR","WASTEMUN","TOT","KG_CAP","A","2017",463.255,
"GBR","WASTEMUN","TOT","KG_CAP","A","2018",458.526,
"GBR","WASTEMUN","TOT","KG_CAP","A","2019",454.286,
"GBR","WASTEMUN","TOT","KG_CAP","A","2020",456.68,
"USA","WASTEMUN","TOT","KG_CAP","A","1975",530.453,
"USA","WASTEMUN","TOT","KG_CAP","A","1980",599.474,
"USA","WASTEMUN","TOT","KG_CAP","A","1988",658.655,
"USA","WASTEMUN","TOT","KG_CAP","A","1990",749.4,
"USA","WASTEMUN","TOT","KG_CAP","A","1991",740.353,
"USA","WASTEMUN","TOT","KG_CAP","A","1992",758.744,
"USA","WASTEMUN","TOT","KG_CAP","A","1993",761.94,
"USA","WASTEMUN","TOT","KG_CAP","A","1994",765.486,
"USA","WASTEMUN","TOT","KG_CAP","A","1995",743.363,
"USA","WASTEMUN","TOT","KG_CAP","A","1996",730.218,
"USA","WASTEMUN","TOT","KG_CAP","A","1997",744.876,
"USA","WASTEMUN","TOT","KG_CAP","A","1998",748.759,
"USA","WASTEMUN","TOT","KG_CAP","A","1999",764.966,
"USA","WASTEMUN","TOT","KG_CAP","A","2000",783.974,
"USA","WASTEMUN","TOT","KG_CAP","A","2001",767.547,
"USA","WASTEMUN","TOT","KG_CAP","A","2002",774.716,
"USA","WASTEMUN","TOT","KG_CAP","A","2003",771.346,
"USA","WASTEMUN","TOT","KG_CAP","A","2004",788.542,
"USA","WASTEMUN","TOT","KG_CAP","A","2005",780.288,
"USA","WASTEMUN","TOT","KG_CAP","A","2006",783.308,
"USA","WASTEMUN","TOT","KG_CAP","A","2007",774.073,
"USA","WASTEMUN","TOT","KG_CAP","A","2008",755.224,
"USA","WASTEMUN","TOT","KG_CAP","A","2009",725.376,
"USA","WASTEMUN","TOT","KG_CAP","A","2010",737.024,
"USA","WASTEMUN","TOT","KG_CAP","A","2011",733.616,
"USA","WASTEMUN","TOT","KG_CAP","A","2012",728.795,
"USA","WASTEMUN","TOT","KG_CAP","A","2013",731.338,
"USA","WASTEMUN","TOT","KG_CAP","A","2014",735.601,
"USA","WASTEMUN","TOT","KG_CAP","A","2015",741.035,
"USA","WASTEMUN","TOT","KG_CAP","A","2016",752.981,
"USA","WASTEMUN","TOT","KG_CAP","A","2017",749.725,
"USA","WASTEMUN","TOT","KG_CAP","A","2018",810.845,
"CHL","WASTEMUN","TOT","KG_CAP","A","2000",294.629,
"CHL","WASTEMUN","TOT","KG_CAP","A","2001",290.969,
"CHL","WASTEMUN","TOT","KG_CAP","A","2002",296.288,
"CHL","WASTEMUN","TOT","KG_CAP","A","2003",302.991,
"CHL","WASTEMUN","TOT","KG_CAP","A","2004",309.966,
"CHL","WASTEMUN","TOT","KG_CAP","A","2005",315.998,
"CHL","WASTEMUN","TOT","KG_CAP","A","2006",324.736,
"CHL","WASTEMUN","TOT","KG_CAP","A","2007",332.295,
"CHL","WASTEMUN","TOT","KG_CAP","A","2008",335.642,
"CHL","WASTEMUN","TOT","KG_CAP","A","2009",342.262,
"CHL","WASTEMUN","TOT","KG_CAP","A","2010",347.879,
"CHL","WASTEMUN","TOT","KG_CAP","A","2011",356.42,
"CHL","WASTEMUN","TOT","KG_CAP","A","2014",383.564,
"CHL","WASTEMUN","TOT","KG_CAP","A","2015",400.535,
"CHL","WASTEMUN","TOT","KG_CAP","A","2016",396.981,
"CHL","WASTEMUN","TOT","KG_CAP","A","2017",439.729,
"CHL","WASTEMUN","TOT","KG_CAP","A","2018",436.616,
"EST","WASTEMUN","TOT","KG_CAP","A","1995",371.939,
"EST","WASTEMUN","TOT","KG_CAP","A","1996",398.522,
"EST","WASTEMUN","TOT","KG_CAP","A","1997",420.663,
"EST","WASTEMUN","TOT","KG_CAP","A","1998",396.061,
"EST","WASTEMUN","TOT","KG_CAP","A","1999",405.334,
"EST","WASTEMUN","TOT","KG_CAP","A","2000",452.43,"B"
"EST","WASTEMUN","TOT","KG_CAP","A","2001",365.392,"B"
"EST","WASTEMUN","TOT","KG_CAP","A","2002",400.104,
"EST","WASTEMUN","TOT","KG_CAP","A","2003",412.849,
"EST","WASTEMUN","TOT","KG_CAP","A","2004",444.568,
"EST","WASTEMUN","TOT","KG_CAP","A","2005",433.143,
"EST","WASTEMUN","TOT","KG_CAP","A","2006",397.222,
"EST","WASTEMUN","TOT","KG_CAP","A","2007",447.817,
"EST","WASTEMUN","TOT","KG_CAP","A","2008",391.024,
"EST","WASTEMUN","TOT","KG_CAP","A","2009",338.288,
"EST","WASTEMUN","TOT","KG_CAP","A","2010",304.782,"B"
"EST","WASTEMUN","TOT","KG_CAP","A","2011",300.52,
"EST","WASTEMUN","TOT","KG_CAP","A","2012",280.389,
"EST","WASTEMUN","TOT","KG_CAP","A","2013",292.85,
"EST","WASTEMUN","TOT","KG_CAP","A","2014",356.728,"B"
"EST","WASTEMUN","TOT","KG_CAP","A","2015",359.263,
"EST","WASTEMUN","TOT","KG_CAP","A","2016",375.508,
"EST","WASTEMUN","TOT","KG_CAP","A","2017",389.301,
"EST","WASTEMUN","TOT","KG_CAP","A","2018",404.782,
"EST","WASTEMUN","TOT","KG_CAP","A","2019",369.457,
"EST","WASTEMUN","TOT","KG_CAP","A","2020",384.08,
"ISR","WASTEMUN","TOT","KG_CAP","A","2000",667.274,
"ISR","WASTEMUN","TOT","KG_CAP","A","2001",592.422,
"ISR","WASTEMUN","TOT","KG_CAP","A","2002",624.926,
"ISR","WASTEMUN","TOT","KG_CAP","A","2003",612.729,
"ISR","WASTEMUN","TOT","KG_CAP","A","2004",621.902,
"ISR","WASTEMUN","TOT","KG_CAP","A","2005",625.778,
"ISR","WASTEMUN","TOT","KG_CAP","A","2006",632.724,
"ISR","WASTEMUN","TOT","KG_CAP","A","2007",628.583,
"ISR","WASTEMUN","TOT","KG_CAP","A","2008",631.549,
"ISR","WASTEMUN","TOT","KG_CAP","A","2009",632.931,
"ISR","WASTEMUN","TOT","KG_CAP","A","2010",629.308,
"ISR","WASTEMUN","TOT","KG_CAP","A","2011",633.864,
"ISR","WASTEMUN","TOT","KG_CAP","A","2012",635.25,
"ISR","WASTEMUN","TOT","KG_CAP","A","2013",628.571,
"ISR","WASTEMUN","TOT","KG_CAP","A","2014",630.904,
"ISR","WASTEMUN","TOT","KG_CAP","A","2015",636.918,
"ISR","WASTEMUN","TOT","KG_CAP","A","2016",648.838,
"ISR","WASTEMUN","TOT","KG_CAP","A","2017",659.237,
"ISR","WASTEMUN","TOT","KG_CAP","A","2018",675.082,
"ISR","WASTEMUN","TOT","KG_CAP","A","2019",676.02,
"ISR","WASTEMUN","TOT","KG_CAP","A","2020",691.158,
"SVN","WASTEMUN","TOT","KG_CAP","A","1995",595.607,
"SVN","WASTEMUN","TOT","KG_CAP","A","1996",590.874,"E"
"SVN","WASTEMUN","TOT","KG_CAP","A","1997",588.691,"E"
"SVN","WASTEMUN","TOT","KG_CAP","A","1998",583.074,
"SVN","WASTEMUN","TOT","KG_CAP","A","1999",548.392,"E"
"SVN","WASTEMUN","TOT","KG_CAP","A","2000",513.153,"E"
"SVN","WASTEMUN","TOT","KG_CAP","A","2001",479.345,
"SVN","WASTEMUN","TOT","KG_CAP","A","2002",408.631,"B"
"SVN","WASTEMUN","TOT","KG_CAP","A","2003",419.559,
"SVN","WASTEMUN","TOT","KG_CAP","A","2004",486.984,
"SVN","WASTEMUN","TOT","KG_CAP","A","2005",495.609,
"SVN","WASTEMUN","TOT","KG_CAP","A","2006",517.606,
"SVN","WASTEMUN","TOT","KG_CAP","A","2007",526.85,
"SVN","WASTEMUN","TOT","KG_CAP","A","2008",541.143,
"SVN","WASTEMUN","TOT","KG_CAP","A","2009",525.787,
"SVN","WASTEMUN","TOT","KG_CAP","A","2010",491.303,
"SVN","WASTEMUN","TOT","KG_CAP","A","2011",415.409,
"SVN","WASTEMUN","TOT","KG_CAP","A","2012",361.551,
"SVN","WASTEMUN","TOT","KG_CAP","A","2013",413.641,"B"
"SVN","WASTEMUN","TOT","KG_CAP","A","2014",431.301,
"SVN","WASTEMUN","TOT","KG_CAP","A","2015",447.055,
"SVN","WASTEMUN","TOT","KG_CAP","A","2016",454.554,
"SVN","WASTEMUN","TOT","KG_CAP","A","2017",469.129,
"SVN","WASTEMUN","TOT","KG_CAP","A","2018",485.374,
"SVN","WASTEMUN","TOT","KG_CAP","A","2019",506.22,
"SVN","WASTEMUN","TOT","KG_CAP","A","2020",492.598,
"OECD","WASTEMUN","TOT","KG_CAP","A","1990",494.54,
"OECD","WASTEMUN","TOT","KG_CAP","A","1991",499.511,
"OECD","WASTEMUN","TOT","KG_CAP","A","1992",512.365,
"OECD","WASTEMUN","TOT","KG_CAP","A","1993",516.261,
"OECD","WASTEMUN","TOT","KG_CAP","A","1994",516.78,
"OECD","WASTEMUN","TOT","KG_CAP","A","1995",511.989,
"OECD","WASTEMUN","TOT","KG_CAP","A","1996",518.042,
"OECD","WASTEMUN","TOT","KG_CAP","A","1997",526.075,
"OECD","WASTEMUN","TOT","KG_CAP","A","1998",528.183,
"OECD","WASTEMUN","TOT","KG_CAP","A","1999",534.747,
"OECD","WASTEMUN","TOT","KG_CAP","A","2000",543.68,
"OECD","WASTEMUN","TOT","KG_CAP","A","2001",538.522,
"OECD","WASTEMUN","TOT","KG_CAP","A","2002",541.465,
"OECD","WASTEMUN","TOT","KG_CAP","A","2003",536.451,
"OECD","WASTEMUN","TOT","KG_CAP","A","2004",539.27,
"OECD","WASTEMUN","TOT","KG_CAP","A","2005",539.193,
"OECD","WASTEMUN","TOT","KG_CAP","A","2006",540.551,
"OECD","WASTEMUN","TOT","KG_CAP","A","2007",539.932,
"OECD","WASTEMUN","TOT","KG_CAP","A","2008",530.288,
"OECD","WASTEMUN","TOT","KG_CAP","A","2009",520.581,
"OECD","WASTEMUN","TOT","KG_CAP","A","2010",518.865,
"OECD","WASTEMUN","TOT","KG_CAP","A","2011",517.383,
"OECD","WASTEMUN","TOT","KG_CAP","A","2012",511.039,
"OECD","WASTEMUN","TOT","KG_CAP","A","2013",508.261,
"OECD","WASTEMUN","TOT","KG_CAP","A","2014",508.679,
"OECD","WASTEMUN","TOT","KG_CAP","A","2015",511.418,
"OECD","WASTEMUN","TOT","KG_CAP","A","2016",519.476,
"OECD","WASTEMUN","TOT","KG_CAP","A","2017",518.577,
"OECD","WASTEMUN","TOT","KG_CAP","A","2018",534.665,
"OECD","WASTEMUN","TOT","KG_CAP","A","2019",535.24,
"OECD","WASTEMUN","TOT","KG_CAP","A","2020",533.756,
"OECDE","WASTEMUN","TOT","KG_CAP","A","1990",450.974,
"OECDE","WASTEMUN","TOT","KG_CAP","A","1991",456.136,
"OECDE","WASTEMUN","TOT","KG_CAP","A","1992",459.748,
"OECDE","WASTEMUN","TOT","KG_CAP","A","1993",465.924,
"OECDE","WASTEMUN","TOT","KG_CAP","A","1994",467.955,
"OECDE","WASTEMUN","TOT","KG_CAP","A","1995",475.778,
"OECDE","WASTEMUN","TOT","KG_CAP","A","1996",491.869,
"OECDE","WASTEMUN","TOT","KG_CAP","A","1997",509.768,
"OECDE","WASTEMUN","TOT","KG_CAP","A","1998",512.433,
"OECDE","WASTEMUN","TOT","KG_CAP","A","1999",518.044,
"OECDE","WASTEMUN","TOT","KG_CAP","A","2000",526.886,
"OECDE","WASTEMUN","TOT","KG_CAP","A","2001",523.781,
"OECDE","WASTEMUN","TOT","KG_CAP","A","2002",526.279,
"OECDE","WASTEMUN","TOT","KG_CAP","A","2003",515.84,
"OECDE","WASTEMUN","TOT","KG_CAP","A","2004",511.389,
"OECDE","WASTEMUN","TOT","KG_CAP","A","2005",515.069,
"OECDE","WASTEMUN","TOT","KG_CAP","A","2006",517.661,
"OECDE","WASTEMUN","TOT","KG_CAP","A","2007",520.212,
"OECDE","WASTEMUN","TOT","KG_CAP","A","2008",512.214,
"OECDE","WASTEMUN","TOT","KG_CAP","A","2009",506.468,
"OECDE","WASTEMUN","TOT","KG_CAP","A","2010",501.169,
"OECDE","WASTEMUN","TOT","KG_CAP","A","2011",497.882,
"OECDE","WASTEMUN","TOT","KG_CAP","A","2012",486.604,
"OECDE","WASTEMUN","TOT","KG_CAP","A","2013",480.014,
"OECDE","WASTEMUN","TOT","KG_CAP","A","2014",479.391,
"OECDE","WASTEMUN","TOT","KG_CAP","A","2015",480.984,
"OECDE","WASTEMUN","TOT","KG_CAP","A","2016",494.397,
"OECDE","WASTEMUN","TOT","KG_CAP","A","2017",495.651,
"OECDE","WASTEMUN","TOT","KG_CAP","A","2018",495.317,
"OECDE","WASTEMUN","TOT","KG_CAP","A","2019",500.198,
"OECDE","WASTEMUN","TOT","KG_CAP","A","2020",500.38,
"COL","WASTEMUN","TOT","KG_CAP","A","2003",127.495,
"COL","WASTEMUN","TOT","KG_CAP","A","2004",145.641,
"COL","WASTEMUN","TOT","KG_CAP","A","2005",177.808,
"COL","WASTEMUN","TOT","KG_CAP","A","2006",175.531,
"COL","WASTEMUN","TOT","KG_CAP","A","2007",209.294,
"COL","WASTEMUN","TOT","KG_CAP","A","2008",206.847,
"COL","WASTEMUN","TOT","KG_CAP","A","2009",251.92,
"COL","WASTEMUN","TOT","KG_CAP","A","2010",198.577,
"COL","WASTEMUN","TOT","KG_CAP","A","2011",212.121,
"COL","WASTEMUN","TOT","KG_CAP","A","2012",195.247,
"COL","WASTEMUN","TOT","KG_CAP","A","2013",196.675,
"COL","WASTEMUN","TOT","KG_CAP","A","2014",194.701,
"COL","WASTEMUN","TOT","KG_CAP","A","2015",209.758,
"COL","WASTEMUN","TOT","KG_CAP","A","2016",236.638,
"COL","WASTEMUN","TOT","KG_CAP","A","2017",221.979,
"COL","WASTEMUN","TOT","KG_CAP","A","2018",243.3,
"LVA","WASTEMUN","TOT","KG_CAP","A","1995",261.912,"E"
"LVA","WASTEMUN","TOT","KG_CAP","A","1996",262.22,"E"
"LVA","WASTEMUN","TOT","KG_CAP","A","1997",253.164,"E"
"LVA","WASTEMUN","TOT","KG_CAP","A","1998",245.78,"E"
"LVA","WASTEMUN","TOT","KG_CAP","A","1999",254.608,"E"
"LVA","WASTEMUN","TOT","KG_CAP","A","2000",269.278,"E"
"LVA","WASTEMUN","TOT","KG_CAP","A","2001",302.286,"E"
"LVA","WASTEMUN","TOT","KG_CAP","A","2002",339.974,"B"
"LVA","WASTEMUN","TOT","KG_CAP","A","2003",301.409,
"LVA","WASTEMUN","TOT","KG_CAP","A","2004",316.106,
"LVA","WASTEMUN","TOT","KG_CAP","A","2005",317.94,
"LVA","WASTEMUN","TOT","KG_CAP","A","2006",341.564,
"LVA","WASTEMUN","TOT","KG_CAP","A","2007",391.667,
"LVA","WASTEMUN","TOT","KG_CAP","A","2008",346.307,
"LVA","WASTEMUN","TOT","KG_CAP","A","2009",351.066,
"LVA","WASTEMUN","TOT","KG_CAP","A","2010",320.995,
"LVA","WASTEMUN","TOT","KG_CAP","A","2011",344.209,
"LVA","WASTEMUN","TOT","KG_CAP","A","2012",317.837,
"LVA","WASTEMUN","TOT","KG_CAP","A","2013",344.263,
"LVA","WASTEMUN","TOT","KG_CAP","A","2014",359.189,
"LVA","WASTEMUN","TOT","KG_CAP","A","2015",399.494,
"LVA","WASTEMUN","TOT","KG_CAP","A","2016",406.466,
"LVA","WASTEMUN","TOT","KG_CAP","A","2017",409.096,
"LVA","WASTEMUN","TOT","KG_CAP","A","2018",407.099,
"LVA","WASTEMUN","TOT","KG_CAP","A","2019",440.759,
"LVA","WASTEMUN","TOT","KG_CAP","A","2020",481.9,
"RUS","WASTEMUN","TOT","KG_CAP","A","1999",346.019,
"RUS","WASTEMUN","TOT","KG_CAP","A","2000",354.009,
"RUS","WASTEMUN","TOT","KG_CAP","A","2001",350.511,
"RUS","WASTEMUN","TOT","KG_CAP","A","2002",371.933,
"RUS","WASTEMUN","TOT","KG_CAP","A","2003",380.804,
"RUS","WASTEMUN","TOT","KG_CAP","A","2004",401.32,
"RUS","WASTEMUN","TOT","KG_CAP","A","2005",401.574,
"RUS","WASTEMUN","TOT","KG_CAP","A","2006",424.309,
"RUS","WASTEMUN","TOT","KG_CAP","A","2007",438.821,
"RUS","WASTEMUN","TOT","KG_CAP","A","2008",451,
"RUS","WASTEMUN","TOT","KG_CAP","A","2009",466.568,
"RUS","WASTEMUN","TOT","KG_CAP","A","2010",482.694,
"RUS","WASTEMUN","TOT","KG_CAP","A","2011",481.537,
"RUS","WASTEMUN","TOT","KG_CAP","A","2012",559.498,
"LTU","WASTEMUN","TOT","KG_CAP","A","1995",426.293,
"LTU","WASTEMUN","TOT","KG_CAP","A","1996",400.97,
"LTU","WASTEMUN","TOT","KG_CAP","A","1997",421.798,
"LTU","WASTEMUN","TOT","KG_CAP","A","1998",443.864,
"LTU","WASTEMUN","TOT","KG_CAP","A","1999",350.222,"B"
"LTU","WASTEMUN","TOT","KG_CAP","A","2000",364.357,
"LTU","WASTEMUN","TOT","KG_CAP","A","2001",378.121,
"LTU","WASTEMUN","TOT","KG_CAP","A","2002",404.99,
"LTU","WASTEMUN","TOT","KG_CAP","A","2003",388.83,
"LTU","WASTEMUN","TOT","KG_CAP","A","2004",372.692,
"LTU","WASTEMUN","TOT","KG_CAP","A","2005",384.949,
"LTU","WASTEMUN","TOT","KG_CAP","A","2006",401.328,
"LTU","WASTEMUN","TOT","KG_CAP","A","2007",415.348,
"LTU","WASTEMUN","TOT","KG_CAP","A","2008",426.093,
"LTU","WASTEMUN","TOT","KG_CAP","A","2009",380.621,
"LTU","WASTEMUN","TOT","KG_CAP","A","2010",400.99,
"LTU","WASTEMUN","TOT","KG_CAP","A","2011",434.352,
"LTU","WASTEMUN","TOT","KG_CAP","A","2012",436.754,
"LTU","WASTEMUN","TOT","KG_CAP","A","2013",425.416,
"LTU","WASTEMUN","TOT","KG_CAP","A","2014",427.476,
"LTU","WASTEMUN","TOT","KG_CAP","A","2015",443.402,
"LTU","WASTEMUN","TOT","KG_CAP","A","2016",440.228,
"LTU","WASTEMUN","TOT","KG_CAP","A","2017",452.107,
"LTU","WASTEMUN","TOT","KG_CAP","A","2018",464.279,
"LTU","WASTEMUN","TOT","KG_CAP","A","2019",477.827,
"LTU","WASTEMUN","TOT","KG_CAP","A","2020",495.887,
"CRI","WASTEMUN","TOT","KG_CAP","A","2010",329.01,
"CRI","WASTEMUN","TOT","KG_CAP","A","2011",358.076,
"CRI","WASTEMUN","TOT","KG_CAP","A","2012",362.201,
"CRI","WASTEMUN","TOT","KG_CAP","A","2013",369.456,
"CRI","WASTEMUN","TOT","KG_CAP","A","2014",372.858,
"CRI","WASTEMUN","TOT","KG_CAP","A","2015",387.185,
"CRI","WASTEMUN","TOT","KG_CAP","A","2016",248.605,
"CRI","WASTEMUN","TOT","KG_CAP","A","2017",255.962,
"CRI","WASTEMUN","TOT","KG_CAP","A","2018",292.433,
"CRI","WASTEMUN","TOT","KG_CAP","A","2019",266.267,
"CRI","WASTEMUN","TOT","KG_CAP","A","2020",286.466,
"CAN","WASTEMUN","TOT","KG_CAP","A","1996",238.643,
"CAN","WASTEMUN","TOT","KG_CAP","A","1998",313.067,
"CAN","WASTEMUN","TOT","KG_CAP","A","2000",367.538,
"CAN","WASTEMUN","TOT","KG_CAP","A","2002",360.393,
"CAN","WASTEMUN","TOT","KG_CAP","A","2004",387.402,
"CAN","WASTEMUN","TOT","KG_CAP","A","2006",414.023,
"CAN","WASTEMUN","TOT","KG_CAP","A","2008",409.788,
"CAN","WASTEMUN","TOT","KG_CAP","A","2010",408.926,
"CAN","WASTEMUN","TOT","KG_CAP","A","2012",411.064,
"CAN","WASTEMUN","TOT","KG_CAP","A","2014",410.865,
"CAN","WASTEMUN","TOT","KG_CAP","A","2016",412.543,
"CAN","WASTEMUN","TOT","KG_CAP","A","2018",423.617,
