DATAFLOW,LAST UPDATE,freq,unit,sector,cofog99,na_item,geo,TIME_PERIOD,OBS_VALUE,OBS_FLAG
ESTAT:GOV_10A_EXP(1.0),28/02/22 11:00:00,A,MIO_EUR,S13,GF0801,TE,AT,2001,657.1,
ESTAT:GOV_10A_EXP(1.0),28/02/22 11:00:00,A,MIO_EUR,S13,GF0801,TE,AT,2002,687.3,
ESTAT:GOV_10A_EXP(1.0),28/02/22 11:00:00,A,MIO_EUR,S13,GF0801,TE,AT,2003,703.7,
ESTAT:GOV_10A_EXP(1.0),28/02/22 11:00:00,A,MIO_EUR,S13,GF0801,TE,AT,2004,695.0,
ESTAT:GOV_10A_EXP(1.0),28/02/22 11:00:00,A,MIO_EUR,S13,GF0801,TE,AT,2005,739.9,
ESTAT:GOV_10A_EXP(1.0),28/02/22 11:00:00,A,MIO_EUR,S13,GF0801,TE,AT,2006,792.8,
ESTAT:GOV_10A_EXP(1.0),28/02/22 11:00:00,A,MIO_EUR,S13,GF0801,TE,AT,2007,849.3,
ESTAT:GOV_10A_EXP(1.0),28/02/22 11:00:00,A,MIO_EUR,S13,GF0801,TE,AT,2008,910.8,
ESTAT:GOV_10A_EXP(1.0),28/02/22 11:00:00,A,MIO_EUR,S13,GF0801,TE,AT,2009,876.9,
ESTAT:GOV_10A_EXP(1.0),28/02/22 11:00:00,A,MIO_EUR,S13,GF0801,TE,AT,2010,866.9,
ESTAT:GOV_10A_EXP(1.0),28/02/22 11:00:00,A,MIO_EUR,S13,GF0801,TE,AT,2011,832.8,
ESTAT:GOV_10A_EXP(1.0),28/02/22 11:00:00,A,MIO_EUR,S13,GF0801,TE,AT,2012,877.9,
ESTAT:GOV_10A_EXP(1.0),28/02/22 11:00:00,A,MIO_EUR,S13,GF0801,TE,AT,2013,888.1,
ESTAT:GOV_10A_EXP(1.0),28/02/22 11:00:00,A,MIO_EUR,S13,GF0801,TE,AT,2014,937.9,
ESTAT:GOV_10A_EXP(1.0),28/02/22 11:00:00,A,MIO_EUR,S13,GF0801,TE,AT,2015,1002.0,
ESTAT:GOV_10A_EXP(1.0),28/02/22 11:00:00,A,MIO_EUR,S13,GF0801,TE,AT,2016,990.1,
ESTAT:GOV_10A_EXP(1.0),28/02/22 11:00:00,A,MIO_EUR,S13,GF0801,TE,AT,2017,1014.5,
ESTAT:GOV_10A_EXP(1.0),28/02/22 11:00:00,A,MIO_EUR,S13,GF0801,TE,AT,2018,1077.8,
ESTAT:GOV_10A_EXP(1.0),28/02/22 11:00:00,A,MIO_EUR,S13,GF0801,TE,AT,2019,1089.8,
ESTAT:GOV_10A_EXP(1.0),28/02/22 11:00:00,A,MIO_EUR,S13,GF0801,TE,AT,2020,1105.7,
ESTAT:GOV_10A_EXP(1.0),28/02/22 11:00:00,A,MIO_EUR,S13,GF0801,TE,BE,2001,898.3,
ESTAT:GOV_10A_EXP(1.0),28/02/22 11:00:00,A,MIO_EUR,S13,GF0801,TE,BE,2002,976.4,
ESTAT:GOV_10A_EXP(1.0),28/02/22 11:00:00,A,MIO_EUR,S13,GF0801,TE,BE,2003,1049.2,
ESTAT:GOV_10A_EXP(1.0),28/02/22 11:00:00,A,MIO_EUR,S13,GF0801,TE,BE,2004,1040.2,
ESTAT:GOV_10A_EXP(1.0),28/02/22 11:00:00,A,MIO_EUR,S13,GF0801,TE,BE,2005,1181.9,
ESTAT:GOV_10A_EXP(1.0),28/02/22 11:00:00,A,MIO_EUR,S13,GF0801,TE,BE,2006,1265.0,
ESTAT:GOV_10A_EXP(1.0),28/02/22 11:00:00,A,MIO_EUR,S13,GF0801,TE,BE,2007,1268.5,
ESTAT:GOV_10A_EXP(1.0),28/02/22 11:00:00,A,MIO_EUR,S13,GF0801,TE,BE,2008,1324.9,
ESTAT:GOV_10A_EXP(1.0),28/02/22 11:00:00,A,MIO_EUR,S13,GF0801,TE,BE,2009,1458.8,
ESTAT:GOV_10A_EXP(1.0),28/02/22 11:00:00,A,MIO_EUR,S13,GF0801,TE,BE,2010,1502.0,
ESTAT:GOV_10A_EXP(1.0),28/02/22 11:00:00,A,MIO_EUR,S13,GF0801,TE,BE,2011,1539.8,
ESTAT:GOV_10A_EXP(1.0),28/02/22 11:00:00,A,MIO_EUR,S13,GF0801,TE,BE,2012,1784.3,
ESTAT:GOV_10A_EXP(1.0),28/02/22 11:00:00,A,MIO_EUR,S13,GF0801,TE,BE,2013,1635.9,
ESTAT:GOV_10A_EXP(1.0),28/02/22 11:00:00,A,MIO_EUR,S13,GF0801,TE,BE,2014,1479.1,
ESTAT:GOV_10A_EXP(1.0),28/02/22 11:00:00,A,MIO_EUR,S13,GF0801,TE,BE,2015,1551.3,
ESTAT:GOV_10A_EXP(1.0),28/02/22 11:00:00,A,MIO_EUR,S13,GF0801,TE,BE,2016,1656.0,
ESTAT:GOV_10A_EXP(1.0),28/02/22 11:00:00,A,MIO_EUR,S13,GF0801,TE,BE,2017,1679.0,
ESTAT:GOV_10A_EXP(1.0),28/02/22 11:00:00,A,MIO_EUR,S13,GF0801,TE,BE,2018,1921.7,
ESTAT:GOV_10A_EXP(1.0),28/02/22 11:00:00,A,MIO_EUR,S13,GF0801,TE,BE,2019,1910.8,
ESTAT:GOV_10A_EXP(1.0),28/02/22 11:00:00,A,MIO_EUR,S13,GF0801,TE,BE,2020,1699.5,
ESTAT:GOV_10A_EXP(1.0),28/02/22 11:00:00,A,MIO_EUR,S13,GF0801,TE,BG,2001,12.9,
ESTAT:GOV_10A_EXP(1.0),28/02/22 11:00:00,A,MIO_EUR,S13,GF0801,TE,BG,2002,14.4,
ESTAT:GOV_10A_EXP(1.0),28/02/22 11:00:00,A,MIO_EUR,S13,GF0801,TE,BG,2003,19.5,
ESTAT:GOV_10A_EXP(1.0),28/02/22 11:00:00,A,MIO_EUR,S13,GF0801,TE,BG,2004,21.4,
ESTAT:GOV_10A_EXP(1.0),28/02/22 11:00:00,A,MIO_EUR,S13,GF0801,TE,BG,2005,17.9,
ESTAT:GOV_10A_EXP(1.0),28/02/22 11:00:00,A,MIO_EUR,S13,GF0801,TE,BG,2006,27.0,
ESTAT:GOV_10A_EXP(1.0),28/02/22 11:00:00,A,MIO_EUR,S13,GF0801,TE,BG,2007,37.3,
ESTAT:GOV_10A_EXP(1.0),28/02/22 11:00:00,A,MIO_EUR,S13,GF0801,TE,BG,2008,59.4,
ESTAT:GOV_10A_EXP(1.0),28/02/22 11:00:00,A,MIO_EUR,S13,GF0801,TE,BG,2009,35.5,
ESTAT:GOV_10A_EXP(1.0),28/02/22 11:00:00,A,MIO_EUR,S13,GF0801,TE,BG,2010,48.0,
ESTAT:GOV_10A_EXP(1.0),28/02/22 11:00:00,A,MIO_EUR,S13,GF0801,TE,BG,2011,53.3,
ESTAT:GOV_10A_EXP(1.0),28/02/22 11:00:00,A,MIO_EUR,S13,GF0801,TE,BG,2012,70.5,
ESTAT:GOV_10A_EXP(1.0),28/02/22 11:00:00,A,MIO_EUR,S13,GF0801,TE,BG,2013,55.2,
ESTAT:GOV_10A_EXP(1.0),28/02/22 11:00:00,A,MIO_EUR,S13,GF0801,TE,BG,2014,249.7,
ESTAT:GOV_10A_EXP(1.0),28/02/22 11:00:00,A,MIO_EUR,S13,GF0801,TE,BG,2015,181.2,
ESTAT:GOV_10A_EXP(1.0),28/02/22 11:00:00,A,MIO_EUR,S13,GF0801,TE,BG,2016,81.4,
ESTAT:GOV_10A_EXP(1.0),28/02/22 11:00:00,A,MIO_EUR,S13,GF0801,TE,BG,2017,110.9,
ESTAT:GOV_10A_EXP(1.0),28/02/22 11:00:00,A,MIO_EUR,S13,GF0801,TE,BG,2018,89.0,
ESTAT:GOV_10A_EXP(1.0),28/02/22 11:00:00,A,MIO_EUR,S13,GF0801,TE,BG,2019,64.9,
ESTAT:GOV_10A_EXP(1.0),28/02/22 11:00:00,A,MIO_EUR,S13,GF0801,TE,BG,2020,148.1,
ESTAT:GOV_10A_EXP(1.0),28/02/22 11:00:00,A,MIO_EUR,S13,GF0801,TE,CY,2001,40.9,
ESTAT:GOV_10A_EXP(1.0),28/02/22 11:00:00,A,MIO_EUR,S13,GF0801,TE,CY,2002,44.5,
ESTAT:GOV_10A_EXP(1.0),28/02/22 11:00:00,A,MIO_EUR,S13,GF0801,TE,CY,2003,51.5,
ESTAT:GOV_10A_EXP(1.0),28/02/22 11:00:00,A,MIO_EUR,S13,GF0801,TE,CY,2004,53.9,
ESTAT:GOV_10A_EXP(1.0),28/02/22 11:00:00,A,MIO_EUR,S13,GF0801,TE,CY,2005,62.8,
ESTAT:GOV_10A_EXP(1.0),28/02/22 11:00:00,A,MIO_EUR,S13,GF0801,TE,CY,2006,66.7,
ESTAT:GOV_10A_EXP(1.0),28/02/22 11:00:00,A,MIO_EUR,S13,GF0801,TE,CY,2007,74.0,
ESTAT:GOV_10A_EXP(1.0),28/02/22 11:00:00,A,MIO_EUR,S13,GF0801,TE,CY,2008,80.1,
ESTAT:GOV_10A_EXP(1.0),28/02/22 11:00:00,A,MIO_EUR,S13,GF0801,TE,CY,2009,84.0,
ESTAT:GOV_10A_EXP(1.0),28/02/22 11:00:00,A,MIO_EUR,S13,GF0801,TE,CY,2010,81.2,
ESTAT:GOV_10A_EXP(1.0),28/02/22 11:00:00,A,MIO_EUR,S13,GF0801,TE,CY,2011,82.5,
ESTAT:GOV_10A_EXP(1.0),28/02/22 11:00:00,A,MIO_EUR,S13,GF0801,TE,CY,2012,71.2,
ESTAT:GOV_10A_EXP(1.0),28/02/22 11:00:00,A,MIO_EUR,S13,GF0801,TE,CY,2013,58.1,
ESTAT:GOV_10A_EXP(1.0),28/02/22 11:00:00,A,MIO_EUR,S13,GF0801,TE,CY,2014,53.8,
ESTAT:GOV_10A_EXP(1.0),28/02/22 11:00:00,A,MIO_EUR,S13,GF0801,TE,CY,2015,58.0,
ESTAT:GOV_10A_EXP(1.0),28/02/22 11:00:00,A,MIO_EUR,S13,GF0801,TE,CY,2016,52.8,
ESTAT:GOV_10A_EXP(1.0),28/02/22 11:00:00,A,MIO_EUR,S13,GF0801,TE,CY,2017,59.8,
ESTAT:GOV_10A_EXP(1.0),28/02/22 11:00:00,A,MIO_EUR,S13,GF0801,TE,CY,2018,61.6,
ESTAT:GOV_10A_EXP(1.0),28/02/22 11:00:00,A,MIO_EUR,S13,GF0801,TE,CY,2019,82.6,
ESTAT:GOV_10A_EXP(1.0),28/02/22 11:00:00,A,MIO_EUR,S13,GF0801,TE,CY,2020,76.5,
ESTAT:GOV_10A_EXP(1.0),28/02/22 11:00:00,A,MIO_EUR,S13,GF0801,TE,CZ,2001,263.6,
ESTAT:GOV_10A_EXP(1.0),28/02/22 11:00:00,A,MIO_EUR,S13,GF0801,TE,CZ,2002,319.7,
ESTAT:GOV_10A_EXP(1.0),28/02/22 11:00:00,A,MIO_EUR,S13,GF0801,TE,CZ,2003,326.4,
ESTAT:GOV_10A_EXP(1.0),28/02/22 11:00:00,A,MIO_EUR,S13,GF0801,TE,CZ,2004,386.1,
ESTAT:GOV_10A_EXP(1.0),28/02/22 11:00:00,A,MIO_EUR,S13,GF0801,TE,CZ,2005,423.8,
ESTAT:GOV_10A_EXP(1.0),28/02/22 11:00:00,A,MIO_EUR,S13,GF0801,TE,CZ,2006,585.4,
ESTAT:GOV_10A_EXP(1.0),28/02/22 11:00:00,A,MIO_EUR,S13,GF0801,TE,CZ,2007,611.9,
ESTAT:GOV_10A_EXP(1.0),28/02/22 11:00:00,A,MIO_EUR,S13,GF0801,TE,CZ,2008,692.2,
ESTAT:GOV_10A_EXP(1.0),28/02/22 11:00:00,A,MIO_EUR,S13,GF0801,TE,CZ,2009,731.2,
ESTAT:GOV_10A_EXP(1.0),28/02/22 11:00:00,A,MIO_EUR,S13,GF0801,TE,CZ,2010,668.4,
ESTAT:GOV_10A_EXP(1.0),28/02/22 11:00:00,A,MIO_EUR,S13,GF0801,TE,CZ,2011,628.5,
ESTAT:GOV_10A_EXP(1.0),28/02/22 11:00:00,A,MIO_EUR,S13,GF0801,TE,CZ,2012,600.5,
ESTAT:GOV_10A_EXP(1.0),28/02/22 11:00:00,A,MIO_EUR,S13,GF0801,TE,CZ,2013,592.1,
ESTAT:GOV_10A_EXP(1.0),28/02/22 11:00:00,A,MIO_EUR,S13,GF0801,TE,CZ,2014,632.8,
ESTAT:GOV_10A_EXP(1.0),28/02/22 11:00:00,A,MIO_EUR,S13,GF0801,TE,CZ,2015,646.5,
ESTAT:GOV_10A_EXP(1.0),28/02/22 11:00:00,A,MIO_EUR,S13,GF0801,TE,CZ,2016,660.7,
ESTAT:GOV_10A_EXP(1.0),28/02/22 11:00:00,A,MIO_EUR,S13,GF0801,TE,CZ,2017,810.9,
ESTAT:GOV_10A_EXP(1.0),28/02/22 11:00:00,A,MIO_EUR,S13,GF0801,TE,CZ,2018,1014.0,
ESTAT:GOV_10A_EXP(1.0),28/02/22 11:00:00,A,MIO_EUR,S13,GF0801,TE,CZ,2019,1031.6,
ESTAT:GOV_10A_EXP(1.0),28/02/22 11:00:00,A,MIO_EUR,S13,GF0801,TE,CZ,2020,1027.5,
ESTAT:GOV_10A_EXP(1.0),28/02/22 11:00:00,A,MIO_EUR,S13,GF0801,TE,DE,2001,7224.0,
ESTAT:GOV_10A_EXP(1.0),28/02/22 11:00:00,A,MIO_EUR,S13,GF0801,TE,DE,2002,7186.0,
ESTAT:GOV_10A_EXP(1.0),28/02/22 11:00:00,A,MIO_EUR,S13,GF0801,TE,DE,2003,7017.0,
ESTAT:GOV_10A_EXP(1.0),28/02/22 11:00:00,A,MIO_EUR,S13,GF0801,TE,DE,2004,6737.0,
ESTAT:GOV_10A_EXP(1.0),28/02/22 11:00:00,A,MIO_EUR,S13,GF0801,TE,DE,2005,6722.0,
ESTAT:GOV_10A_EXP(1.0),28/02/22 11:00:00,A,MIO_EUR,S13,GF0801,TE,DE,2006,6865.0,
ESTAT:GOV_10A_EXP(1.0),28/02/22 11:00:00,A,MIO_EUR,S13,GF0801,TE,DE,2007,7140.0,
ESTAT:GOV_10A_EXP(1.0),28/02/22 11:00:00,A,MIO_EUR,S13,GF0801,TE,DE,2008,7598.0,
ESTAT:GOV_10A_EXP(1.0),28/02/22 11:00:00,A,MIO_EUR,S13,GF0801,TE,DE,2009,7635.0,
ESTAT:GOV_10A_EXP(1.0),28/02/22 11:00:00,A,MIO_EUR,S13,GF0801,TE,DE,2010,7987.0,
ESTAT:GOV_10A_EXP(1.0),28/02/22 11:00:00,A,MIO_EUR,S13,GF0801,TE,DE,2011,7634.0,
ESTAT:GOV_10A_EXP(1.0),28/02/22 11:00:00,A,MIO_EUR,S13,GF0801,TE,DE,2012,7209.0,
ESTAT:GOV_10A_EXP(1.0),28/02/22 11:00:00,A,MIO_EUR,S13,GF0801,TE,DE,2013,7217.0,
ESTAT:GOV_10A_EXP(1.0),28/02/22 11:00:00,A,MIO_EUR,S13,GF0801,TE,DE,2014,7421.0,
ESTAT:GOV_10A_EXP(1.0),28/02/22 11:00:00,A,MIO_EUR,S13,GF0801,TE,DE,2015,7594.0,
ESTAT:GOV_10A_EXP(1.0),28/02/22 11:00:00,A,MIO_EUR,S13,GF0801,TE,DE,2016,7370.0,
ESTAT:GOV_10A_EXP(1.0),28/02/22 11:00:00,A,MIO_EUR,S13,GF0801,TE,DE,2017,7927.0,
ESTAT:GOV_10A_EXP(1.0),28/02/22 11:00:00,A,MIO_EUR,S13,GF0801,TE,DE,2018,8443.0,p
ESTAT:GOV_10A_EXP(1.0),28/02/22 11:00:00,A,MIO_EUR,S13,GF0801,TE,DE,2019,8882.0,p
ESTAT:GOV_10A_EXP(1.0),28/02/22 11:00:00,A,MIO_EUR,S13,GF0801,TE,DE,2020,9541.0,p
ESTAT:GOV_10A_EXP(1.0),28/02/22 11:00:00,A,MIO_EUR,S13,GF0801,TE,DK,2001,896.9,
ESTAT:GOV_10A_EXP(1.0),28/02/22 11:00:00,A,MIO_EUR,S13,GF0801,TE,DK,2002,903.2,
ESTAT:GOV_10A_EXP(1.0),28/02/22 11:00:00,A,MIO_EUR,S13,GF0801,TE,DK,2003,908.5,
ESTAT:GOV_10A_EXP(1.0),28/02/22 11:00:00,A,MIO_EUR,S13,GF0801,TE,DK,2004,953.2,
ESTAT:GOV_10A_EXP(1.0),28/02/22 11:00:00,A,MIO_EUR,S13,GF0801,TE,DK,2005,989.3,
ESTAT:GOV_10A_EXP(1.0),28/02/22 11:00:00,A,MIO_EUR,S13,GF0801,TE,DK,2006,1030.2,
ESTAT:GOV_10A_EXP(1.0),28/02/22 11:00:00,A,MIO_EUR,S13,GF0801,TE,DK,2007,1086.5,
ESTAT:GOV_10A_EXP(1.0),28/02/22 11:00:00,A,MIO_EUR,S13,GF0801,TE,DK,2008,1176.5,
ESTAT:GOV_10A_EXP(1.0),28/02/22 11:00:00,A,MIO_EUR,S13,GF0801,TE,DK,2009,1084.6,
ESTAT:GOV_10A_EXP(1.0),28/02/22 11:00:00,A,MIO_EUR,S13,GF0801,TE,DK,2010,1008.0,
ESTAT:GOV_10A_EXP(1.0),28/02/22 11:00:00,A,MIO_EUR,S13,GF0801,TE,DK,2011,995.9,
ESTAT:GOV_10A_EXP(1.0),28/02/22 11:00:00,A,MIO_EUR,S13,GF0801,TE,DK,2012,1025.6,
ESTAT:GOV_10A_EXP(1.0),28/02/22 11:00:00,A,MIO_EUR,S13,GF0801,TE,DK,2013,1029.4,
ESTAT:GOV_10A_EXP(1.0),28/02/22 11:00:00,A,MIO_EUR,S13,GF0801,TE,DK,2014,1017.3,
ESTAT:GOV_10A_EXP(1.0),28/02/22 11:00:00,A,MIO_EUR,S13,GF0801,TE,DK,2015,1083.4,
ESTAT:GOV_10A_EXP(1.0),28/02/22 11:00:00,A,MIO_EUR,S13,GF0801,TE,DK,2016,1099.0,
ESTAT:GOV_10A_EXP(1.0),28/02/22 11:00:00,A,MIO_EUR,S13,GF0801,TE,DK,2017,1108.3,
ESTAT:GOV_10A_EXP(1.0),28/02/22 11:00:00,A,MIO_EUR,S13,GF0801,TE,DK,2018,1166.2,
ESTAT:GOV_10A_EXP(1.0),28/02/22 11:00:00,A,MIO_EUR,S13,GF0801,TE,DK,2019,1214.3,
ESTAT:GOV_10A_EXP(1.0),28/02/22 11:00:00,A,MIO_EUR,S13,GF0801,TE,DK,2020,1232.9,
ESTAT:GOV_10A_EXP(1.0),28/02/22 11:00:00,A,MIO_EUR,S13,GF0801,TE,EE,2001,26.9,
ESTAT:GOV_10A_EXP(1.0),28/02/22 11:00:00,A,MIO_EUR,S13,GF0801,TE,EE,2002,33.5,
ESTAT:GOV_10A_EXP(1.0),28/02/22 11:00:00,A,MIO_EUR,S13,GF0801,TE,EE,2003,39.3,
ESTAT:GOV_10A_EXP(1.0),28/02/22 11:00:00,A,MIO_EUR,S13,GF0801,TE,EE,2004,39.3,
ESTAT:GOV_10A_EXP(1.0),28/02/22 11:00:00,A,MIO_EUR,S13,GF0801,TE,EE,2005,58.5,
ESTAT:GOV_10A_EXP(1.0),28/02/22 11:00:00,A,MIO_EUR,S13,GF0801,TE,EE,2006,78.1,
ESTAT:GOV_10A_EXP(1.0),28/02/22 11:00:00,A,MIO_EUR,S13,GF0801,TE,EE,2007,71.3,
ESTAT:GOV_10A_EXP(1.0),28/02/22 11:00:00,A,MIO_EUR,S13,GF0801,TE,EE,2008,76.7,
ESTAT:GOV_10A_EXP(1.0),28/02/22 11:00:00,A,MIO_EUR,S13,GF0801,TE,EE,2009,70.5,
ESTAT:GOV_10A_EXP(1.0),28/02/22 11:00:00,A,MIO_EUR,S13,GF0801,TE,EE,2010,67.9,
ESTAT:GOV_10A_EXP(1.0),28/02/22 11:00:00,A,MIO_EUR,S13,GF0801,TE,EE,2011,59.1,
ESTAT:GOV_10A_EXP(1.0),28/02/22 11:00:00,A,MIO_EUR,S13,GF0801,TE,EE,2012,62.3,
ESTAT:GOV_10A_EXP(1.0),28/02/22 11:00:00,A,MIO_EUR,S13,GF0801,TE,EE,2013,86.9,
ESTAT:GOV_10A_EXP(1.0),28/02/22 11:00:00,A,MIO_EUR,S13,GF0801,TE,EE,2014,85.2,
ESTAT:GOV_10A_EXP(1.0),28/02/22 11:00:00,A,MIO_EUR,S13,GF0801,TE,EE,2015,80.8,
ESTAT:GOV_10A_EXP(1.0),28/02/22 11:00:00,A,MIO_EUR,S13,GF0801,TE,EE,2016,94.6,
ESTAT:GOV_10A_EXP(1.0),28/02/22 11:00:00,A,MIO_EUR,S13,GF0801,TE,EE,2017,131.9,
ESTAT:GOV_10A_EXP(1.0),28/02/22 11:00:00,A,MIO_EUR,S13,GF0801,TE,EE,2018,137.4,
ESTAT:GOV_10A_EXP(1.0),28/02/22 11:00:00,A,MIO_EUR,S13,GF0801,TE,EE,2019,162.9,
ESTAT:GOV_10A_EXP(1.0),28/02/22 11:00:00,A,MIO_EUR,S13,GF0801,TE,EE,2020,158.4,
ESTAT:GOV_10A_EXP(1.0),28/02/22 11:00:00,A,MIO_EUR,S13,GF0801,TE,EL,2001,311.0,
ESTAT:GOV_10A_EXP(1.0),28/02/22 11:00:00,A,MIO_EUR,S13,GF0801,TE,EL,2002,309.0,
ESTAT:GOV_10A_EXP(1.0),28/02/22 11:00:00,A,MIO_EUR,S13,GF0801,TE,EL,2003,305.0,
ESTAT:GOV_10A_EXP(1.0),28/02/22 11:00:00,A,MIO_EUR,S13,GF0801,TE,EL,2004,406.0,
ESTAT:GOV_10A_EXP(1.0),28/02/22 11:00:00,A,MIO_EUR,S13,GF0801,TE,EL,2005,434.0,
ESTAT:GOV_10A_EXP(1.0),28/02/22 11:00:00,A,MIO_EUR,S13,GF0801,TE,EL,2006,431.0,
ESTAT:GOV_10A_EXP(1.0),28/02/22 11:00:00,A,MIO_EUR,S13,GF0801,TE,EL,2007,461.0,
ESTAT:GOV_10A_EXP(1.0),28/02/22 11:00:00,A,MIO_EUR,S13,GF0801,TE,EL,2008,491.0,
ESTAT:GOV_10A_EXP(1.0),28/02/22 11:00:00,A,MIO_EUR,S13,GF0801,TE,EL,2009,467.0,
ESTAT:GOV_10A_EXP(1.0),28/02/22 11:00:00,A,MIO_EUR,S13,GF0801,TE,EL,2010,395.0,
ESTAT:GOV_10A_EXP(1.0),28/02/22 11:00:00,A,MIO_EUR,S13,GF0801,TE,EL,2011,361.0,
ESTAT:GOV_10A_EXP(1.0),28/02/22 11:00:00,A,MIO_EUR,S13,GF0801,TE,EL,2012,397.0,
ESTAT:GOV_10A_EXP(1.0),28/02/22 11:00:00,A,MIO_EUR,S13,GF0801,TE,EL,2013,412.0,
ESTAT:GOV_10A_EXP(1.0),28/02/22 11:00:00,A,MIO_EUR,S13,GF0801,TE,EL,2014,587.0,
ESTAT:GOV_10A_EXP(1.0),28/02/22 11:00:00,A,MIO_EUR,S13,GF0801,TE,EL,2015,618.0,
ESTAT:GOV_10A_EXP(1.0),28/02/22 11:00:00,A,MIO_EUR,S13,GF0801,TE,EL,2016,633.0,
ESTAT:GOV_10A_EXP(1.0),28/02/22 11:00:00,A,MIO_EUR,S13,GF0801,TE,EL,2017,665.0,
ESTAT:GOV_10A_EXP(1.0),28/02/22 11:00:00,A,MIO_EUR,S13,GF0801,TE,EL,2018,789.0,
ESTAT:GOV_10A_EXP(1.0),28/02/22 11:00:00,A,MIO_EUR,S13,GF0801,TE,EL,2019,787.0,
ESTAT:GOV_10A_EXP(1.0),28/02/22 11:00:00,A,MIO_EUR,S13,GF0801,TE,EL,2020,844.0,
ESTAT:GOV_10A_EXP(1.0),28/02/22 11:00:00,A,MIO_EUR,S13,GF0801,TE,ES,2001,1836.0,
ESTAT:GOV_10A_EXP(1.0),28/02/22 11:00:00,A,MIO_EUR,S13,GF0801,TE,ES,2002,2068.0,
ESTAT:GOV_10A_EXP(1.0),28/02/22 11:00:00,A,MIO_EUR,S13,GF0801,TE,ES,2003,2485.0,
ESTAT:GOV_10A_EXP(1.0),28/02/22 11:00:00,A,MIO_EUR,S13,GF0801,TE,ES,2004,2974.0,
ESTAT:GOV_10A_EXP(1.0),28/02/22 11:00:00,A,MIO_EUR,S13,GF0801,TE,ES,2005,3221.0,
ESTAT:GOV_10A_EXP(1.0),28/02/22 11:00:00,A,MIO_EUR,S13,GF0801,TE,ES,2006,4054.0,
ESTAT:GOV_10A_EXP(1.0),28/02/22 11:00:00,A,MIO_EUR,S13,GF0801,TE,ES,2007,4655.0,
ESTAT:GOV_10A_EXP(1.0),28/02/22 11:00:00,A,MIO_EUR,S13,GF0801,TE,ES,2008,4802.0,
ESTAT:GOV_10A_EXP(1.0),28/02/22 11:00:00,A,MIO_EUR,S13,GF0801,TE,ES,2009,5172.0,
ESTAT:GOV_10A_EXP(1.0),28/02/22 11:00:00,A,MIO_EUR,S13,GF0801,TE,ES,2010,5727.0,
ESTAT:GOV_10A_EXP(1.0),28/02/22 11:00:00,A,MIO_EUR,S13,GF0801,TE,ES,2011,5040.0,
ESTAT:GOV_10A_EXP(1.0),28/02/22 11:00:00,A,MIO_EUR,S13,GF0801,TE,ES,2012,3857.0,
ESTAT:GOV_10A_EXP(1.0),28/02/22 11:00:00,A,MIO_EUR,S13,GF0801,TE,ES,2013,3767.0,
ESTAT:GOV_10A_EXP(1.0),28/02/22 11:00:00,A,MIO_EUR,S13,GF0801,TE,ES,2014,3806.0,
ESTAT:GOV_10A_EXP(1.0),28/02/22 11:00:00,A,MIO_EUR,S13,GF0801,TE,ES,2015,4207.0,
ESTAT:GOV_10A_EXP(1.0),28/02/22 11:00:00,A,MIO_EUR,S13,GF0801,TE,ES,2016,4205.0,
ESTAT:GOV_10A_EXP(1.0),28/02/22 11:00:00,A,MIO_EUR,S13,GF0801,TE,ES,2017,4488.0,
ESTAT:GOV_10A_EXP(1.0),28/02/22 11:00:00,A,MIO_EUR,S13,GF0801,TE,ES,2018,4777.0,
ESTAT:GOV_10A_EXP(1.0),28/02/22 11:00:00,A,MIO_EUR,S13,GF0801,TE,ES,2019,5165.0,
ESTAT:GOV_10A_EXP(1.0),28/02/22 11:00:00,A,MIO_EUR,S13,GF0801,TE,ES,2020,4959.0,p
ESTAT:GOV_10A_EXP(1.0),28/02/22 11:00:00,A,MIO_EUR,S13,GF0801,TE,FI,2001,580.0,
ESTAT:GOV_10A_EXP(1.0),28/02/22 11:00:00,A,MIO_EUR,S13,GF0801,TE,FI,2002,620.0,
ESTAT:GOV_10A_EXP(1.0),28/02/22 11:00:00,A,MIO_EUR,S13,GF0801,TE,FI,2003,688.0,
ESTAT:GOV_10A_EXP(1.0),28/02/22 11:00:00,A,MIO_EUR,S13,GF0801,TE,FI,2004,712.0,
ESTAT:GOV_10A_EXP(1.0),28/02/22 11:00:00,A,MIO_EUR,S13,GF0801,TE,FI,2005,691.0,
ESTAT:GOV_10A_EXP(1.0),28/02/22 11:00:00,A,MIO_EUR,S13,GF0801,TE,FI,2006,706.0,
ESTAT:GOV_10A_EXP(1.0),28/02/22 11:00:00,A,MIO_EUR,S13,GF0801,TE,FI,2007,764.0,
ESTAT:GOV_10A_EXP(1.0),28/02/22 11:00:00,A,MIO_EUR,S13,GF0801,TE,FI,2008,839.0,
ESTAT:GOV_10A_EXP(1.0),28/02/22 11:00:00,A,MIO_EUR,S13,GF0801,TE,FI,2009,840.0,
ESTAT:GOV_10A_EXP(1.0),28/02/22 11:00:00,A,MIO_EUR,S13,GF0801,TE,FI,2010,876.0,
ESTAT:GOV_10A_EXP(1.0),28/02/22 11:00:00,A,MIO_EUR,S13,GF0801,TE,FI,2011,889.0,
ESTAT:GOV_10A_EXP(1.0),28/02/22 11:00:00,A,MIO_EUR,S13,GF0801,TE,FI,2012,973.0,
ESTAT:GOV_10A_EXP(1.0),28/02/22 11:00:00,A,MIO_EUR,S13,GF0801,TE,FI,2013,970.0,
ESTAT:GOV_10A_EXP(1.0),28/02/22 11:00:00,A,MIO_EUR,S13,GF0801,TE,FI,2014,936.0,
ESTAT:GOV_10A_EXP(1.0),28/02/22 11:00:00,A,MIO_EUR,S13,GF0801,TE,FI,2015,1016.0,b
ESTAT:GOV_10A_EXP(1.0),28/02/22 11:00:00,A,MIO_EUR,S13,GF0801,TE,FI,2016,1053.0,
ESTAT:GOV_10A_EXP(1.0),28/02/22 11:00:00,A,MIO_EUR,S13,GF0801,TE,FI,2017,1188.0,
ESTAT:GOV_10A_EXP(1.0),28/02/22 11:00:00,A,MIO_EUR,S13,GF0801,TE,FI,2018,1331.0,
ESTAT:GOV_10A_EXP(1.0),28/02/22 11:00:00,A,MIO_EUR,S13,GF0801,TE,FI,2019,1370.0,
ESTAT:GOV_10A_EXP(1.0),28/02/22 11:00:00,A,MIO_EUR,S13,GF0801,TE,FI,2020,1313.0,
ESTAT:GOV_10A_EXP(1.0),28/02/22 11:00:00,A,MIO_EUR,S13,GF0801,TE,FR,2001,6613.0,
ESTAT:GOV_10A_EXP(1.0),28/02/22 11:00:00,A,MIO_EUR,S13,GF0801,TE,FR,2002,7535.0,
ESTAT:GOV_10A_EXP(1.0),28/02/22 11:00:00,A,MIO_EUR,S13,GF0801,TE,FR,2003,8325.0,
ESTAT:GOV_10A_EXP(1.0),28/02/22 11:00:00,A,MIO_EUR,S13,GF0801,TE,FR,2004,8697.0,
ESTAT:GOV_10A_EXP(1.0),28/02/22 11:00:00,A,MIO_EUR,S13,GF0801,TE,FR,2005,9380.0,
ESTAT:GOV_10A_EXP(1.0),28/02/22 11:00:00,A,MIO_EUR,S13,GF0801,TE,FR,2006,10018.0,
ESTAT:GOV_10A_EXP(1.0),28/02/22 11:00:00,A,MIO_EUR,S13,GF0801,TE,FR,2007,10578.0,
ESTAT:GOV_10A_EXP(1.0),28/02/22 11:00:00,A,MIO_EUR,S13,GF0801,TE,FR,2008,10798.0,
ESTAT:GOV_10A_EXP(1.0),28/02/22 11:00:00,A,MIO_EUR,S13,GF0801,TE,FR,2009,11264.0,
ESTAT:GOV_10A_EXP(1.0),28/02/22 11:00:00,A,MIO_EUR,S13,GF0801,TE,FR,2010,11722.0,
ESTAT:GOV_10A_EXP(1.0),28/02/22 11:00:00,A,MIO_EUR,S13,GF0801,TE,FR,2011,12033.0,
ESTAT:GOV_10A_EXP(1.0),28/02/22 11:00:00,A,MIO_EUR,S13,GF0801,TE,FR,2012,12331.0,
ESTAT:GOV_10A_EXP(1.0),28/02/22 11:00:00,A,MIO_EUR,S13,GF0801,TE,FR,2013,12747.0,
ESTAT:GOV_10A_EXP(1.0),28/02/22 11:00:00,A,MIO_EUR,S13,GF0801,TE,FR,2014,12418.0,
ESTAT:GOV_10A_EXP(1.0),28/02/22 11:00:00,A,MIO_EUR,S13,GF0801,TE,FR,2015,12012.0,
ESTAT:GOV_10A_EXP(1.0),28/02/22 11:00:00,A,MIO_EUR,S13,GF0801,TE,FR,2016,12119.0,
ESTAT:GOV_10A_EXP(1.0),28/02/22 11:00:00,A,MIO_EUR,S13,GF0801,TE,FR,2017,12539.0,
ESTAT:GOV_10A_EXP(1.0),28/02/22 11:00:00,A,MIO_EUR,S13,GF0801,TE,FR,2018,12747.0,
ESTAT:GOV_10A_EXP(1.0),28/02/22 11:00:00,A,MIO_EUR,S13,GF0801,TE,FR,2019,13750.0,p
ESTAT:GOV_10A_EXP(1.0),28/02/22 11:00:00,A,MIO_EUR,S13,GF0801,TE,FR,2020,12908.0,p
ESTAT:GOV_10A_EXP(1.0),28/02/22 11:00:00,A,MIO_EUR,S13,GF0801,TE,HR,2001,66.7,
ESTAT:GOV_10A_EXP(1.0),28/02/22 11:00:00,A,MIO_EUR,S13,GF0801,TE,HR,2002,88.4,
ESTAT:GOV_10A_EXP(1.0),28/02/22 11:00:00,A,MIO_EUR,S13,GF0801,TE,HR,2003,97.6,
ESTAT:GOV_10A_EXP(1.0),28/02/22 11:00:00,A,MIO_EUR,S13,GF0801,TE,HR,2004,117.9,
ESTAT:GOV_10A_EXP(1.0),28/02/22 11:00:00,A,MIO_EUR,S13,GF0801,TE,HR,2005,136.6,
ESTAT:GOV_10A_EXP(1.0),28/02/22 11:00:00,A,MIO_EUR,S13,GF0801,TE,HR,2006,162.6,
ESTAT:GOV_10A_EXP(1.0),28/02/22 11:00:00,A,MIO_EUR,S13,GF0801,TE,HR,2007,181.6,
ESTAT:GOV_10A_EXP(1.0),28/02/22 11:00:00,A,MIO_EUR,S13,GF0801,TE,HR,2008,201.8,
ESTAT:GOV_10A_EXP(1.0),28/02/22 11:00:00,A,MIO_EUR,S13,GF0801,TE,HR,2009,243.0,
ESTAT:GOV_10A_EXP(1.0),28/02/22 11:00:00,A,MIO_EUR,S13,GF0801,TE,HR,2010,237.5,
ESTAT:GOV_10A_EXP(1.0),28/02/22 11:00:00,A,MIO_EUR,S13,GF0801,TE,HR,2011,229.7,
ESTAT:GOV_10A_EXP(1.0),28/02/22 11:00:00,A,MIO_EUR,S13,GF0801,TE,HR,2012,220.3,
ESTAT:GOV_10A_EXP(1.0),28/02/22 11:00:00,A,MIO_EUR,S13,GF0801,TE,HR,2013,212.6,
ESTAT:GOV_10A_EXP(1.0),28/02/22 11:00:00,A,MIO_EUR,S13,GF0801,TE,HR,2014,219.3,
ESTAT:GOV_10A_EXP(1.0),28/02/22 11:00:00,A,MIO_EUR,S13,GF0801,TE,HR,2015,213.6,
ESTAT:GOV_10A_EXP(1.0),28/02/22 11:00:00,A,MIO_EUR,S13,GF0801,TE,HR,2016,186.9,
ESTAT:GOV_10A_EXP(1.0),28/02/22 11:00:00,A,MIO_EUR,S13,GF0801,TE,HR,2017,150.4,
ESTAT:GOV_10A_EXP(1.0),28/02/22 11:00:00,A,MIO_EUR,S13,GF0801,TE,HR,2018,165.6,
ESTAT:GOV_10A_EXP(1.0),28/02/22 11:00:00,A,MIO_EUR,S13,GF0801,TE,HR,2019,184.6,
ESTAT:GOV_10A_EXP(1.0),28/02/22 11:00:00,A,MIO_EUR,S13,GF0801,TE,HR,2020,187.3,
ESTAT:GOV_10A_EXP(1.0),28/02/22 11:00:00,A,MIO_EUR,S13,GF0801,TE,HU,2001,224.6,
ESTAT:GOV_10A_EXP(1.0),28/02/22 11:00:00,A,MIO_EUR,S13,GF0801,TE,HU,2002,380.6,
ESTAT:GOV_10A_EXP(1.0),28/02/22 11:00:00,A,MIO_EUR,S13,GF0801,TE,HU,2003,241.2,
ESTAT:GOV_10A_EXP(1.0),28/02/22 11:00:00,A,MIO_EUR,S13,GF0801,TE,HU,2004,294.9,
ESTAT:GOV_10A_EXP(1.0),28/02/22 11:00:00,A,MIO_EUR,S13,GF0801,TE,HU,2005,322.8,
ESTAT:GOV_10A_EXP(1.0),28/02/22 11:00:00,A,MIO_EUR,S13,GF0801,TE,HU,2006,366.3,
ESTAT:GOV_10A_EXP(1.0),28/02/22 11:00:00,A,MIO_EUR,S13,GF0801,TE,HU,2007,353.5,
ESTAT:GOV_10A_EXP(1.0),28/02/22 11:00:00,A,MIO_EUR,S13,GF0801,TE,HU,2008,408.5,
ESTAT:GOV_10A_EXP(1.0),28/02/22 11:00:00,A,MIO_EUR,S13,GF0801,TE,HU,2009,352.7,
ESTAT:GOV_10A_EXP(1.0),28/02/22 11:00:00,A,MIO_EUR,S13,GF0801,TE,HU,2010,352.9,
ESTAT:GOV_10A_EXP(1.0),28/02/22 11:00:00,A,MIO_EUR,S13,GF0801,TE,HU,2011,341.5,
ESTAT:GOV_10A_EXP(1.0),28/02/22 11:00:00,A,MIO_EUR,S13,GF0801,TE,HU,2012,353.9,
ESTAT:GOV_10A_EXP(1.0),28/02/22 11:00:00,A,MIO_EUR,S13,GF0801,TE,HU,2013,380.3,
ESTAT:GOV_10A_EXP(1.0),28/02/22 11:00:00,A,MIO_EUR,S13,GF0801,TE,HU,2014,490.9,
ESTAT:GOV_10A_EXP(1.0),28/02/22 11:00:00,A,MIO_EUR,S13,GF0801,TE,HU,2015,578.1,
ESTAT:GOV_10A_EXP(1.0),28/02/22 11:00:00,A,MIO_EUR,S13,GF0801,TE,HU,2016,1278.9,
ESTAT:GOV_10A_EXP(1.0),28/02/22 11:00:00,A,MIO_EUR,S13,GF0801,TE,HU,2017,1464.1,
ESTAT:GOV_10A_EXP(1.0),28/02/22 11:00:00,A,MIO_EUR,S13,GF0801,TE,HU,2018,1329.5,
ESTAT:GOV_10A_EXP(1.0),28/02/22 11:00:00,A,MIO_EUR,S13,GF0801,TE,HU,2019,1579.3,
ESTAT:GOV_10A_EXP(1.0),28/02/22 11:00:00,A,MIO_EUR,S13,GF0801,TE,HU,2020,1789.9,
ESTAT:GOV_10A_EXP(1.0),28/02/22 11:00:00,A,MIO_EUR,S13,GF0801,TE,IE,2001,205.2,
ESTAT:GOV_10A_EXP(1.0),28/02/22 11:00:00,A,MIO_EUR,S13,GF0801,TE,IE,2002,291.4,
ESTAT:GOV_10A_EXP(1.0),28/02/22 11:00:00,A,MIO_EUR,S13,GF0801,TE,IE,2003,230.8,
ESTAT:GOV_10A_EXP(1.0),28/02/22 11:00:00,A,MIO_EUR,S13,GF0801,TE,IE,2004,267.9,
ESTAT:GOV_10A_EXP(1.0),28/02/22 11:00:00,A,MIO_EUR,S13,GF0801,TE,IE,2005,303.6,
ESTAT:GOV_10A_EXP(1.0),28/02/22 11:00:00,A,MIO_EUR,S13,GF0801,TE,IE,2006,375.4,
ESTAT:GOV_10A_EXP(1.0),28/02/22 11:00:00,A,MIO_EUR,S13,GF0801,TE,IE,2007,476.1,
ESTAT:GOV_10A_EXP(1.0),28/02/22 11:00:00,A,MIO_EUR,S13,GF0801,TE,IE,2008,581.2,
ESTAT:GOV_10A_EXP(1.0),28/02/22 11:00:00,A,MIO_EUR,S13,GF0801,TE,IE,2009,325.0,
ESTAT:GOV_10A_EXP(1.0),28/02/22 11:00:00,A,MIO_EUR,S13,GF0801,TE,IE,2010,280.5,
ESTAT:GOV_10A_EXP(1.0),28/02/22 11:00:00,A,MIO_EUR,S13,GF0801,TE,IE,2011,247.7,
ESTAT:GOV_10A_EXP(1.0),28/02/22 11:00:00,A,MIO_EUR,S13,GF0801,TE,IE,2012,247.3,
ESTAT:GOV_10A_EXP(1.0),28/02/22 11:00:00,A,MIO_EUR,S13,GF0801,TE,IE,2013,276.4,
ESTAT:GOV_10A_EXP(1.0),28/02/22 11:00:00,A,MIO_EUR,S13,GF0801,TE,IE,2014,255.2,
ESTAT:GOV_10A_EXP(1.0),28/02/22 11:00:00,A,MIO_EUR,S13,GF0801,TE,IE,2015,270.9,
ESTAT:GOV_10A_EXP(1.0),28/02/22 11:00:00,A,MIO_EUR,S13,GF0801,TE,IE,2016,308.5,
ESTAT:GOV_10A_EXP(1.0),28/02/22 11:00:00,A,MIO_EUR,S13,GF0801,TE,IE,2017,281.3,
ESTAT:GOV_10A_EXP(1.0),28/02/22 11:00:00,A,MIO_EUR,S13,GF0801,TE,IE,2018,359.4,
ESTAT:GOV_10A_EXP(1.0),28/02/22 11:00:00,A,MIO_EUR,S13,GF0801,TE,IE,2019,366.0,
ESTAT:GOV_10A_EXP(1.0),28/02/22 11:00:00,A,MIO_EUR,S13,GF0801,TE,IE,2020,361.6,
ESTAT:GOV_10A_EXP(1.0),28/02/22 11:00:00,A,MIO_EUR,S13,GF0801,TE,IT,2001,3581.0,
ESTAT:GOV_10A_EXP(1.0),28/02/22 11:00:00,A,MIO_EUR,S13,GF0801,TE,IT,2002,3661.0,
ESTAT:GOV_10A_EXP(1.0),28/02/22 11:00:00,A,MIO_EUR,S13,GF0801,TE,IT,2003,3657.0,
ESTAT:GOV_10A_EXP(1.0),28/02/22 11:00:00,A,MIO_EUR,S13,GF0801,TE,IT,2004,4437.0,
ESTAT:GOV_10A_EXP(1.0),28/02/22 11:00:00,A,MIO_EUR,S13,GF0801,TE,IT,2005,3978.0,
ESTAT:GOV_10A_EXP(1.0),28/02/22 11:00:00,A,MIO_EUR,S13,GF0801,TE,IT,2006,3753.0,
ESTAT:GOV_10A_EXP(1.0),28/02/22 11:00:00,A,MIO_EUR,S13,GF0801,TE,IT,2007,3825.0,
ESTAT:GOV_10A_EXP(1.0),28/02/22 11:00:00,A,MIO_EUR,S13,GF0801,TE,IT,2008,3667.0,
ESTAT:GOV_10A_EXP(1.0),28/02/22 11:00:00,A,MIO_EUR,S13,GF0801,TE,IT,2009,3723.0,
ESTAT:GOV_10A_EXP(1.0),28/02/22 11:00:00,A,MIO_EUR,S13,GF0801,TE,IT,2010,3625.1,
ESTAT:GOV_10A_EXP(1.0),28/02/22 11:00:00,A,MIO_EUR,S13,GF0801,TE,IT,2011,3749.4,
ESTAT:GOV_10A_EXP(1.0),28/02/22 11:00:00,A,MIO_EUR,S13,GF0801,TE,IT,2012,3377.4,
ESTAT:GOV_10A_EXP(1.0),28/02/22 11:00:00,A,MIO_EUR,S13,GF0801,TE,IT,2013,4189.7,
ESTAT:GOV_10A_EXP(1.0),28/02/22 11:00:00,A,MIO_EUR,S13,GF0801,TE,IT,2014,4306.0,
ESTAT:GOV_10A_EXP(1.0),28/02/22 11:00:00,A,MIO_EUR,S13,GF0801,TE,IT,2015,4315.0,
ESTAT:GOV_10A_EXP(1.0),28/02/22 11:00:00,A,MIO_EUR,S13,GF0801,TE,IT,2016,4516.0,
ESTAT:GOV_10A_EXP(1.0),28/02/22 11:00:00,A,MIO_EUR,S13,GF0801,TE,IT,2017,4450.0,
ESTAT:GOV_10A_EXP(1.0),28/02/22 11:00:00,A,MIO_EUR,S13,GF0801,TE,IT,2018,4693.5,
ESTAT:GOV_10A_EXP(1.0),28/02/22 11:00:00,A,MIO_EUR,S13,GF0801,TE,IT,2019,4881.8,
ESTAT:GOV_10A_EXP(1.0),28/02/22 11:00:00,A,MIO_EUR,S13,GF0801,TE,IT,2020,4390.2,
ESTAT:GOV_10A_EXP(1.0),28/02/22 11:00:00,A,MIO_EUR,S13,GF0801,TE,LT,2001,13.2,
ESTAT:GOV_10A_EXP(1.0),28/02/22 11:00:00,A,MIO_EUR,S13,GF0801,TE,LT,2002,22.8,
ESTAT:GOV_10A_EXP(1.0),28/02/22 11:00:00,A,MIO_EUR,S13,GF0801,TE,LT,2003,20.8,
ESTAT:GOV_10A_EXP(1.0),28/02/22 11:00:00,A,MIO_EUR,S13,GF0801,TE,LT,2004,28.7,
ESTAT:GOV_10A_EXP(1.0),28/02/22 11:00:00,A,MIO_EUR,S13,GF0801,TE,LT,2005,31.0,
ESTAT:GOV_10A_EXP(1.0),28/02/22 11:00:00,A,MIO_EUR,S13,GF0801,TE,LT,2006,37.3,
ESTAT:GOV_10A_EXP(1.0),28/02/22 11:00:00,A,MIO_EUR,S13,GF0801,TE,LT,2007,49.0,
ESTAT:GOV_10A_EXP(1.0),28/02/22 11:00:00,A,MIO_EUR,S13,GF0801,TE,LT,2008,60.1,
ESTAT:GOV_10A_EXP(1.0),28/02/22 11:00:00,A,MIO_EUR,S13,GF0801,TE,LT,2009,58.2,
ESTAT:GOV_10A_EXP(1.0),28/02/22 11:00:00,A,MIO_EUR,S13,GF0801,TE,LT,2010,49.6,
ESTAT:GOV_10A_EXP(1.0),28/02/22 11:00:00,A,MIO_EUR,S13,GF0801,TE,LT,2011,81.3,
ESTAT:GOV_10A_EXP(1.0),28/02/22 11:00:00,A,MIO_EUR,S13,GF0801,TE,LT,2012,48.8,
ESTAT:GOV_10A_EXP(1.0),28/02/22 11:00:00,A,MIO_EUR,S13,GF0801,TE,LT,2013,48.7,
ESTAT:GOV_10A_EXP(1.0),28/02/22 11:00:00,A,MIO_EUR,S13,GF0801,TE,LT,2014,57.9,
ESTAT:GOV_10A_EXP(1.0),28/02/22 11:00:00,A,MIO_EUR,S13,GF0801,TE,LT,2015,53.9,
ESTAT:GOV_10A_EXP(1.0),28/02/22 11:00:00,A,MIO_EUR,S13,GF0801,TE,LT,2016,70.9,
ESTAT:GOV_10A_EXP(1.0),28/02/22 11:00:00,A,MIO_EUR,S13,GF0801,TE,LT,2017,87.9,
ESTAT:GOV_10A_EXP(1.0),28/02/22 11:00:00,A,MIO_EUR,S13,GF0801,TE,LT,2018,99.1,
ESTAT:GOV_10A_EXP(1.0),28/02/22 11:00:00,A,MIO_EUR,S13,GF0801,TE,LT,2019,122.7,
ESTAT:GOV_10A_EXP(1.0),28/02/22 11:00:00,A,MIO_EUR,S13,GF0801,TE,LT,2020,155.7,
ESTAT:GOV_10A_EXP(1.0),28/02/22 11:00:00,A,MIO_EUR,S13,GF0801,TE,LU,2001,86.9,
ESTAT:GOV_10A_EXP(1.0),28/02/22 11:00:00,A,MIO_EUR,S13,GF0801,TE,LU,2002,95.3,
ESTAT:GOV_10A_EXP(1.0),28/02/22 11:00:00,A,MIO_EUR,S13,GF0801,TE,LU,2003,111.9,
ESTAT:GOV_10A_EXP(1.0),28/02/22 11:00:00,A,MIO_EUR,S13,GF0801,TE,LU,2004,116.4,
ESTAT:GOV_10A_EXP(1.0),28/02/22 11:00:00,A,MIO_EUR,S13,GF0801,TE,LU,2005,113.8,
ESTAT:GOV_10A_EXP(1.0),28/02/22 11:00:00,A,MIO_EUR,S13,GF0801,TE,LU,2006,116.8,
ESTAT:GOV_10A_EXP(1.0),28/02/22 11:00:00,A,MIO_EUR,S13,GF0801,TE,LU,2007,129.7,
ESTAT:GOV_10A_EXP(1.0),28/02/22 11:00:00,A,MIO_EUR,S13,GF0801,TE,LU,2008,143.6,
ESTAT:GOV_10A_EXP(1.0),28/02/22 11:00:00,A,MIO_EUR,S13,GF0801,TE,LU,2009,164.0,
ESTAT:GOV_10A_EXP(1.0),28/02/22 11:00:00,A,MIO_EUR,S13,GF0801,TE,LU,2010,170.5,
ESTAT:GOV_10A_EXP(1.0),28/02/22 11:00:00,A,MIO_EUR,S13,GF0801,TE,LU,2011,165.3,
ESTAT:GOV_10A_EXP(1.0),28/02/22 11:00:00,A,MIO_EUR,S13,GF0801,TE,LU,2012,197.3,
ESTAT:GOV_10A_EXP(1.0),28/02/22 11:00:00,A,MIO_EUR,S13,GF0801,TE,LU,2013,240.2,
ESTAT:GOV_10A_EXP(1.0),28/02/22 11:00:00,A,MIO_EUR,S13,GF0801,TE,LU,2014,240.6,
ESTAT:GOV_10A_EXP(1.0),28/02/22 11:00:00,A,MIO_EUR,S13,GF0801,TE,LU,2015,241.1,
ESTAT:GOV_10A_EXP(1.0),28/02/22 11:00:00,A,MIO_EUR,S13,GF0801,TE,LU,2016,261.1,
ESTAT:GOV_10A_EXP(1.0),28/02/22 11:00:00,A,MIO_EUR,S13,GF0801,TE,LU,2017,293.5,
ESTAT:GOV_10A_EXP(1.0),28/02/22 11:00:00,A,MIO_EUR,S13,GF0801,TE,LU,2018,313.5,
ESTAT:GOV_10A_EXP(1.0),28/02/22 11:00:00,A,MIO_EUR,S13,GF0801,TE,LU,2019,333.3,
ESTAT:GOV_10A_EXP(1.0),28/02/22 11:00:00,A,MIO_EUR,S13,GF0801,TE,LU,2020,316.5,
ESTAT:GOV_10A_EXP(1.0),28/02/22 11:00:00,A,MIO_EUR,S13,GF0801,TE,LV,2001,11.4,
ESTAT:GOV_10A_EXP(1.0),28/02/22 11:00:00,A,MIO_EUR,S13,GF0801,TE,LV,2002,15.6,
ESTAT:GOV_10A_EXP(1.0),28/02/22 11:00:00,A,MIO_EUR,S13,GF0801,TE,LV,2003,15.0,
ESTAT:GOV_10A_EXP(1.0),28/02/22 11:00:00,A,MIO_EUR,S13,GF0801,TE,LV,2004,18.2,
ESTAT:GOV_10A_EXP(1.0),28/02/22 11:00:00,A,MIO_EUR,S13,GF0801,TE,LV,2005,25.5,
ESTAT:GOV_10A_EXP(1.0),28/02/22 11:00:00,A,MIO_EUR,S13,GF0801,TE,LV,2006,56.9,
ESTAT:GOV_10A_EXP(1.0),28/02/22 11:00:00,A,MIO_EUR,S13,GF0801,TE,LV,2007,82.1,
ESTAT:GOV_10A_EXP(1.0),28/02/22 11:00:00,A,MIO_EUR,S13,GF0801,TE,LV,2008,95.1,
ESTAT:GOV_10A_EXP(1.0),28/02/22 11:00:00,A,MIO_EUR,S13,GF0801,TE,LV,2009,50.3,
ESTAT:GOV_10A_EXP(1.0),28/02/22 11:00:00,A,MIO_EUR,S13,GF0801,TE,LV,2010,37.6,
ESTAT:GOV_10A_EXP(1.0),28/02/22 11:00:00,A,MIO_EUR,S13,GF0801,TE,LV,2011,98.4,
ESTAT:GOV_10A_EXP(1.0),28/02/22 11:00:00,A,MIO_EUR,S13,GF0801,TE,LV,2012,38.5,
ESTAT:GOV_10A_EXP(1.0),28/02/22 11:00:00,A,MIO_EUR,S13,GF0801,TE,LV,2013,39.5,
ESTAT:GOV_10A_EXP(1.0),28/02/22 11:00:00,A,MIO_EUR,S13,GF0801,TE,LV,2014,62.3,
ESTAT:GOV_10A_EXP(1.0),28/02/22 11:00:00,A,MIO_EUR,S13,GF0801,TE,LV,2015,64.1,
ESTAT:GOV_10A_EXP(1.0),28/02/22 11:00:00,A,MIO_EUR,S13,GF0801,TE,LV,2016,63.9,
ESTAT:GOV_10A_EXP(1.0),28/02/22 11:00:00,A,MIO_EUR,S13,GF0801,TE,LV,2017,86.5,
ESTAT:GOV_10A_EXP(1.0),28/02/22 11:00:00,A,MIO_EUR,S13,GF0801,TE,LV,2018,93.4,
ESTAT:GOV_10A_EXP(1.0),28/02/22 11:00:00,A,MIO_EUR,S13,GF0801,TE,LV,2019,76.1,
ESTAT:GOV_10A_EXP(1.0),28/02/22 11:00:00,A,MIO_EUR,S13,GF0801,TE,LV,2020,68.8,
ESTAT:GOV_10A_EXP(1.0),28/02/22 11:00:00,A,MIO_EUR,S13,GF0801,TE,MT,2001,4.3,
ESTAT:GOV_10A_EXP(1.0),28/02/22 11:00:00,A,MIO_EUR,S13,GF0801,TE,MT,2002,4.5,
ESTAT:GOV_10A_EXP(1.0),28/02/22 11:00:00,A,MIO_EUR,S13,GF0801,TE,MT,2003,6.1,
ESTAT:GOV_10A_EXP(1.0),28/02/22 11:00:00,A,MIO_EUR,S13,GF0801,TE,MT,2004,4.5,
ESTAT:GOV_10A_EXP(1.0),28/02/22 11:00:00,A,MIO_EUR,S13,GF0801,TE,MT,2005,6.2,
ESTAT:GOV_10A_EXP(1.0),28/02/22 11:00:00,A,MIO_EUR,S13,GF0801,TE,MT,2006,3.6,
ESTAT:GOV_10A_EXP(1.0),28/02/22 11:00:00,A,MIO_EUR,S13,GF0801,TE,MT,2007,5.2,
ESTAT:GOV_10A_EXP(1.0),28/02/22 11:00:00,A,MIO_EUR,S13,GF0801,TE,MT,2008,4.7,
ESTAT:GOV_10A_EXP(1.0),28/02/22 11:00:00,A,MIO_EUR,S13,GF0801,TE,MT,2009,6.6,
ESTAT:GOV_10A_EXP(1.0),28/02/22 11:00:00,A,MIO_EUR,S13,GF0801,TE,MT,2010,8.9,
ESTAT:GOV_10A_EXP(1.0),28/02/22 11:00:00,A,MIO_EUR,S13,GF0801,TE,MT,2011,11.1,
ESTAT:GOV_10A_EXP(1.0),28/02/22 11:00:00,A,MIO_EUR,S13,GF0801,TE,MT,2012,12.1,
ESTAT:GOV_10A_EXP(1.0),28/02/22 11:00:00,A,MIO_EUR,S13,GF0801,TE,MT,2013,10.8,
ESTAT:GOV_10A_EXP(1.0),28/02/22 11:00:00,A,MIO_EUR,S13,GF0801,TE,MT,2014,7.9,
ESTAT:GOV_10A_EXP(1.0),28/02/22 11:00:00,A,MIO_EUR,S13,GF0801,TE,MT,2015,12.5,
ESTAT:GOV_10A_EXP(1.0),28/02/22 11:00:00,A,MIO_EUR,S13,GF0801,TE,MT,2016,9.6,
ESTAT:GOV_10A_EXP(1.0),28/02/22 11:00:00,A,MIO_EUR,S13,GF0801,TE,MT,2017,21.9,
ESTAT:GOV_10A_EXP(1.0),28/02/22 11:00:00,A,MIO_EUR,S13,GF0801,TE,MT,2018,29.5,
ESTAT:GOV_10A_EXP(1.0),28/02/22 11:00:00,A,MIO_EUR,S13,GF0801,TE,MT,2019,27.8,
ESTAT:GOV_10A_EXP(1.0),28/02/22 11:00:00,A,MIO_EUR,S13,GF0801,TE,MT,2020,21.7,
ESTAT:GOV_10A_EXP(1.0),28/02/22 11:00:00,A,MIO_EUR,S13,GF0801,TE,NL,2001,2393.0,
ESTAT:GOV_10A_EXP(1.0),28/02/22 11:00:00,A,MIO_EUR,S13,GF0801,TE,NL,2002,2745.0,
ESTAT:GOV_10A_EXP(1.0),28/02/22 11:00:00,A,MIO_EUR,S13,GF0801,TE,NL,2003,2988.0,
ESTAT:GOV_10A_EXP(1.0),28/02/22 11:00:00,A,MIO_EUR,S13,GF0801,TE,NL,2004,2887.0,
ESTAT:GOV_10A_EXP(1.0),28/02/22 11:00:00,A,MIO_EUR,S13,GF0801,TE,NL,2005,3002.0,
ESTAT:GOV_10A_EXP(1.0),28/02/22 11:00:00,A,MIO_EUR,S13,GF0801,TE,NL,2006,3250.0,
ESTAT:GOV_10A_EXP(1.0),28/02/22 11:00:00,A,MIO_EUR,S13,GF0801,TE,NL,2007,3391.0,
ESTAT:GOV_10A_EXP(1.0),28/02/22 11:00:00,A,MIO_EUR,S13,GF0801,TE,NL,2008,3722.0,
ESTAT:GOV_10A_EXP(1.0),28/02/22 11:00:00,A,MIO_EUR,S13,GF0801,TE,NL,2009,4152.0,
ESTAT:GOV_10A_EXP(1.0),28/02/22 11:00:00,A,MIO_EUR,S13,GF0801,TE,NL,2010,3985.0,
ESTAT:GOV_10A_EXP(1.0),28/02/22 11:00:00,A,MIO_EUR,S13,GF0801,TE,NL,2011,3833.0,
ESTAT:GOV_10A_EXP(1.0),28/02/22 11:00:00,A,MIO_EUR,S13,GF0801,TE,NL,2012,3593.0,
ESTAT:GOV_10A_EXP(1.0),28/02/22 11:00:00,A,MIO_EUR,S13,GF0801,TE,NL,2013,3589.0,
ESTAT:GOV_10A_EXP(1.0),28/02/22 11:00:00,A,MIO_EUR,S13,GF0801,TE,NL,2014,3422.0,
ESTAT:GOV_10A_EXP(1.0),28/02/22 11:00:00,A,MIO_EUR,S13,GF0801,TE,NL,2015,3802.0,
ESTAT:GOV_10A_EXP(1.0),28/02/22 11:00:00,A,MIO_EUR,S13,GF0801,TE,NL,2016,3712.0,
ESTAT:GOV_10A_EXP(1.0),28/02/22 11:00:00,A,MIO_EUR,S13,GF0801,TE,NL,2017,3732.0,
ESTAT:GOV_10A_EXP(1.0),28/02/22 11:00:00,A,MIO_EUR,S13,GF0801,TE,NL,2018,3960.0,
ESTAT:GOV_10A_EXP(1.0),28/02/22 11:00:00,A,MIO_EUR,S13,GF0801,TE,NL,2019,4165.0,
ESTAT:GOV_10A_EXP(1.0),28/02/22 11:00:00,A,MIO_EUR,S13,GF0801,TE,NL,2020,4333.0,
ESTAT:GOV_10A_EXP(1.0),28/02/22 11:00:00,A,MIO_EUR,S13,GF0801,TE,PL,2001,545.7,
ESTAT:GOV_10A_EXP(1.0),28/02/22 11:00:00,A,MIO_EUR,S13,GF0801,TE,PL,2002,586.7,
ESTAT:GOV_10A_EXP(1.0),28/02/22 11:00:00,A,MIO_EUR,S13,GF0801,TE,PL,2003,508.9,
ESTAT:GOV_10A_EXP(1.0),28/02/22 11:00:00,A,MIO_EUR,S13,GF0801,TE,PL,2004,502.1,
ESTAT:GOV_10A_EXP(1.0),28/02/22 11:00:00,A,MIO_EUR,S13,GF0801,TE,PL,2005,709.4,
ESTAT:GOV_10A_EXP(1.0),28/02/22 11:00:00,A,MIO_EUR,S13,GF0801,TE,PL,2006,885.8,
ESTAT:GOV_10A_EXP(1.0),28/02/22 11:00:00,A,MIO_EUR,S13,GF0801,TE,PL,2007,1020.4,
ESTAT:GOV_10A_EXP(1.0),28/02/22 11:00:00,A,MIO_EUR,S13,GF0801,TE,PL,2008,1484.3,
ESTAT:GOV_10A_EXP(1.0),28/02/22 11:00:00,A,MIO_EUR,S13,GF0801,TE,PL,2009,1607.6,
ESTAT:GOV_10A_EXP(1.0),28/02/22 11:00:00,A,MIO_EUR,S13,GF0801,TE,PL,2010,2277.4,
ESTAT:GOV_10A_EXP(1.0),28/02/22 11:00:00,A,MIO_EUR,S13,GF0801,TE,PL,2011,2157.8,
ESTAT:GOV_10A_EXP(1.0),28/02/22 11:00:00,A,MIO_EUR,S13,GF0801,TE,PL,2012,1849.4,
ESTAT:GOV_10A_EXP(1.0),28/02/22 11:00:00,A,MIO_EUR,S13,GF0801,TE,PL,2013,1594.2,
ESTAT:GOV_10A_EXP(1.0),28/02/22 11:00:00,A,MIO_EUR,S13,GF0801,TE,PL,2014,1770.8,
ESTAT:GOV_10A_EXP(1.0),28/02/22 11:00:00,A,MIO_EUR,S13,GF0801,TE,PL,2015,1658.0,
ESTAT:GOV_10A_EXP(1.0),28/02/22 11:00:00,A,MIO_EUR,S13,GF0801,TE,PL,2016,1448.8,
ESTAT:GOV_10A_EXP(1.0),28/02/22 11:00:00,A,MIO_EUR,S13,GF0801,TE,PL,2017,1776.8,
ESTAT:GOV_10A_EXP(1.0),28/02/22 11:00:00,A,MIO_EUR,S13,GF0801,TE,PL,2018,2250.1,
ESTAT:GOV_10A_EXP(1.0),28/02/22 11:00:00,A,MIO_EUR,S13,GF0801,TE,PL,2019,2352.1,
ESTAT:GOV_10A_EXP(1.0),28/02/22 11:00:00,A,MIO_EUR,S13,GF0801,TE,PL,2020,2078.5,
ESTAT:GOV_10A_EXP(1.0),28/02/22 11:00:00,A,MIO_EUR,S13,GF0801,TE,PT,2001,659.9,
ESTAT:GOV_10A_EXP(1.0),28/02/22 11:00:00,A,MIO_EUR,S13,GF0801,TE,PT,2002,732.6,
ESTAT:GOV_10A_EXP(1.0),28/02/22 11:00:00,A,MIO_EUR,S13,GF0801,TE,PT,2003,767.8,
ESTAT:GOV_10A_EXP(1.0),28/02/22 11:00:00,A,MIO_EUR,S13,GF0801,TE,PT,2004,589.4,
ESTAT:GOV_10A_EXP(1.0),28/02/22 11:00:00,A,MIO_EUR,S13,GF0801,TE,PT,2005,676.8,
ESTAT:GOV_10A_EXP(1.0),28/02/22 11:00:00,A,MIO_EUR,S13,GF0801,TE,PT,2006,666.6,
ESTAT:GOV_10A_EXP(1.0),28/02/22 11:00:00,A,MIO_EUR,S13,GF0801,TE,PT,2007,649.9,
ESTAT:GOV_10A_EXP(1.0),28/02/22 11:00:00,A,MIO_EUR,S13,GF0801,TE,PT,2008,715.9,
ESTAT:GOV_10A_EXP(1.0),28/02/22 11:00:00,A,MIO_EUR,S13,GF0801,TE,PT,2009,715.8,
ESTAT:GOV_10A_EXP(1.0),28/02/22 11:00:00,A,MIO_EUR,S13,GF0801,TE,PT,2010,707.5,
ESTAT:GOV_10A_EXP(1.0),28/02/22 11:00:00,A,MIO_EUR,S13,GF0801,TE,PT,2011,676.4,
ESTAT:GOV_10A_EXP(1.0),28/02/22 11:00:00,A,MIO_EUR,S13,GF0801,TE,PT,2012,573.3,
ESTAT:GOV_10A_EXP(1.0),28/02/22 11:00:00,A,MIO_EUR,S13,GF0801,TE,PT,2013,624.2,
ESTAT:GOV_10A_EXP(1.0),28/02/22 11:00:00,A,MIO_EUR,S13,GF0801,TE,PT,2014,507.6,
ESTAT:GOV_10A_EXP(1.0),28/02/22 11:00:00,A,MIO_EUR,S13,GF0801,TE,PT,2015,576.2,
ESTAT:GOV_10A_EXP(1.0),28/02/22 11:00:00,A,MIO_EUR,S13,GF0801,TE,PT,2016,492.2,
ESTAT:GOV_10A_EXP(1.0),28/02/22 11:00:00,A,MIO_EUR,S13,GF0801,TE,PT,2017,542.5,
ESTAT:GOV_10A_EXP(1.0),28/02/22 11:00:00,A,MIO_EUR,S13,GF0801,TE,PT,2018,637.3,
ESTAT:GOV_10A_EXP(1.0),28/02/22 11:00:00,A,MIO_EUR,S13,GF0801,TE,PT,2019,668.3,
ESTAT:GOV_10A_EXP(1.0),28/02/22 11:00:00,A,MIO_EUR,S13,GF0801,TE,PT,2020,694.9,p
ESTAT:GOV_10A_EXP(1.0),28/02/22 11:00:00,A,MIO_EUR,S13,GF0801,TE,RO,2001,85.6,
ESTAT:GOV_10A_EXP(1.0),28/02/22 11:00:00,A,MIO_EUR,S13,GF0801,TE,RO,2002,103.7,
ESTAT:GOV_10A_EXP(1.0),28/02/22 11:00:00,A,MIO_EUR,S13,GF0801,TE,RO,2003,123.2,
ESTAT:GOV_10A_EXP(1.0),28/02/22 11:00:00,A,MIO_EUR,S13,GF0801,TE,RO,2004,118.3,
ESTAT:GOV_10A_EXP(1.0),28/02/22 11:00:00,A,MIO_EUR,S13,GF0801,TE,RO,2005,201.1,
ESTAT:GOV_10A_EXP(1.0),28/02/22 11:00:00,A,MIO_EUR,S13,GF0801,TE,RO,2006,298.9,
ESTAT:GOV_10A_EXP(1.0),28/02/22 11:00:00,A,MIO_EUR,S13,GF0801,TE,RO,2007,445.7,
ESTAT:GOV_10A_EXP(1.0),28/02/22 11:00:00,A,MIO_EUR,S13,GF0801,TE,RO,2008,510.7,
ESTAT:GOV_10A_EXP(1.0),28/02/22 11:00:00,A,MIO_EUR,S13,GF0801,TE,RO,2009,421.5,
ESTAT:GOV_10A_EXP(1.0),28/02/22 11:00:00,A,MIO_EUR,S13,GF0801,TE,RO,2010,433.8,
ESTAT:GOV_10A_EXP(1.0),28/02/22 11:00:00,A,MIO_EUR,S13,GF0801,TE,RO,2011,466.6,
ESTAT:GOV_10A_EXP(1.0),28/02/22 11:00:00,A,MIO_EUR,S13,GF0801,TE,RO,2012,446.4,
ESTAT:GOV_10A_EXP(1.0),28/02/22 11:00:00,A,MIO_EUR,S13,GF0801,TE,RO,2013,358.2,
ESTAT:GOV_10A_EXP(1.0),28/02/22 11:00:00,A,MIO_EUR,S13,GF0801,TE,RO,2014,470.1,
ESTAT:GOV_10A_EXP(1.0),28/02/22 11:00:00,A,MIO_EUR,S13,GF0801,TE,RO,2015,468.0,
ESTAT:GOV_10A_EXP(1.0),28/02/22 11:00:00,A,MIO_EUR,S13,GF0801,TE,RO,2016,434.0,
ESTAT:GOV_10A_EXP(1.0),28/02/22 11:00:00,A,MIO_EUR,S13,GF0801,TE,RO,2017,490.2,
ESTAT:GOV_10A_EXP(1.0),28/02/22 11:00:00,A,MIO_EUR,S13,GF0801,TE,RO,2018,585.2,
ESTAT:GOV_10A_EXP(1.0),28/02/22 11:00:00,A,MIO_EUR,S13,GF0801,TE,RO,2019,662.4,
ESTAT:GOV_10A_EXP(1.0),28/02/22 11:00:00,A,MIO_EUR,S13,GF0801,TE,RO,2020,651.4,
ESTAT:GOV_10A_EXP(1.0),28/02/22 11:00:00,A,MIO_EUR,S13,GF0801,TE,SE,2001,1130.9,
ESTAT:GOV_10A_EXP(1.0),28/02/22 11:00:00,A,MIO_EUR,S13,GF0801,TE,SE,2002,1139.5,
ESTAT:GOV_10A_EXP(1.0),28/02/22 11:00:00,A,MIO_EUR,S13,GF0801,TE,SE,2003,1096.8,
ESTAT:GOV_10A_EXP(1.0),28/02/22 11:00:00,A,MIO_EUR,S13,GF0801,TE,SE,2004,1103.5,
ESTAT:GOV_10A_EXP(1.0),28/02/22 11:00:00,A,MIO_EUR,S13,GF0801,TE,SE,2005,1251.5,
ESTAT:GOV_10A_EXP(1.0),28/02/22 11:00:00,A,MIO_EUR,S13,GF0801,TE,SE,2006,1392.0,
ESTAT:GOV_10A_EXP(1.0),28/02/22 11:00:00,A,MIO_EUR,S13,GF0801,TE,SE,2007,1481.2,
ESTAT:GOV_10A_EXP(1.0),28/02/22 11:00:00,A,MIO_EUR,S13,GF0801,TE,SE,2008,1648.1,
ESTAT:GOV_10A_EXP(1.0),28/02/22 11:00:00,A,MIO_EUR,S13,GF0801,TE,SE,2009,1567.8,
ESTAT:GOV_10A_EXP(1.0),28/02/22 11:00:00,A,MIO_EUR,S13,GF0801,TE,SE,2010,1882.1,
ESTAT:GOV_10A_EXP(1.0),28/02/22 11:00:00,A,MIO_EUR,S13,GF0801,TE,SE,2011,2088.1,
ESTAT:GOV_10A_EXP(1.0),28/02/22 11:00:00,A,MIO_EUR,S13,GF0801,TE,SE,2012,2206.2,
ESTAT:GOV_10A_EXP(1.0),28/02/22 11:00:00,A,MIO_EUR,S13,GF0801,TE,SE,2013,2341.4,
ESTAT:GOV_10A_EXP(1.0),28/02/22 11:00:00,A,MIO_EUR,S13,GF0801,TE,SE,2014,2471.8,
ESTAT:GOV_10A_EXP(1.0),28/02/22 11:00:00,A,MIO_EUR,S13,GF0801,TE,SE,2015,2422.6,
ESTAT:GOV_10A_EXP(1.0),28/02/22 11:00:00,A,MIO_EUR,S13,GF0801,TE,SE,2016,2562.8,
ESTAT:GOV_10A_EXP(1.0),28/02/22 11:00:00,A,MIO_EUR,S13,GF0801,TE,SE,2017,2557.8,
ESTAT:GOV_10A_EXP(1.0),28/02/22 11:00:00,A,MIO_EUR,S13,GF0801,TE,SE,2018,2588.6,
ESTAT:GOV_10A_EXP(1.0),28/02/22 11:00:00,A,MIO_EUR,S13,GF0801,TE,SE,2019,2748.8,
ESTAT:GOV_10A_EXP(1.0),28/02/22 11:00:00,A,MIO_EUR,S13,GF0801,TE,SE,2020,3041.7,
ESTAT:GOV_10A_EXP(1.0),28/02/22 11:00:00,A,MIO_EUR,S13,GF0801,TE,SI,2001,49.3,
ESTAT:GOV_10A_EXP(1.0),28/02/22 11:00:00,A,MIO_EUR,S13,GF0801,TE,SI,2002,62.1,
ESTAT:GOV_10A_EXP(1.0),28/02/22 11:00:00,A,MIO_EUR,S13,GF0801,TE,SI,2003,63.9,
ESTAT:GOV_10A_EXP(1.0),28/02/22 11:00:00,A,MIO_EUR,S13,GF0801,TE,SI,2004,72.6,
ESTAT:GOV_10A_EXP(1.0),28/02/22 11:00:00,A,MIO_EUR,S13,GF0801,TE,SI,2005,75.3,
ESTAT:GOV_10A_EXP(1.0),28/02/22 11:00:00,A,MIO_EUR,S13,GF0801,TE,SI,2006,88.8,
ESTAT:GOV_10A_EXP(1.0),28/02/22 11:00:00,A,MIO_EUR,S13,GF0801,TE,SI,2007,92.9,
ESTAT:GOV_10A_EXP(1.0),28/02/22 11:00:00,A,MIO_EUR,S13,GF0801,TE,SI,2008,107.9,
ESTAT:GOV_10A_EXP(1.0),28/02/22 11:00:00,A,MIO_EUR,S13,GF0801,TE,SI,2009,106.3,
ESTAT:GOV_10A_EXP(1.0),28/02/22 11:00:00,A,MIO_EUR,S13,GF0801,TE,SI,2010,232.3,
ESTAT:GOV_10A_EXP(1.0),28/02/22 11:00:00,A,MIO_EUR,S13,GF0801,TE,SI,2011,127.0,
ESTAT:GOV_10A_EXP(1.0),28/02/22 11:00:00,A,MIO_EUR,S13,GF0801,TE,SI,2012,121.2,
ESTAT:GOV_10A_EXP(1.0),28/02/22 11:00:00,A,MIO_EUR,S13,GF0801,TE,SI,2013,119.8,
ESTAT:GOV_10A_EXP(1.0),28/02/22 11:00:00,A,MIO_EUR,S13,GF0801,TE,SI,2014,115.8,
ESTAT:GOV_10A_EXP(1.0),28/02/22 11:00:00,A,MIO_EUR,S13,GF0801,TE,SI,2015,131.0,
ESTAT:GOV_10A_EXP(1.0),28/02/22 11:00:00,A,MIO_EUR,S13,GF0801,TE,SI,2016,110.2,
ESTAT:GOV_10A_EXP(1.0),28/02/22 11:00:00,A,MIO_EUR,S13,GF0801,TE,SI,2017,119.4,
ESTAT:GOV_10A_EXP(1.0),28/02/22 11:00:00,A,MIO_EUR,S13,GF0801,TE,SI,2018,145.8,
ESTAT:GOV_10A_EXP(1.0),28/02/22 11:00:00,A,MIO_EUR,S13,GF0801,TE,SI,2019,134.4,
ESTAT:GOV_10A_EXP(1.0),28/02/22 11:00:00,A,MIO_EUR,S13,GF0801,TE,SI,2020,137.9,
ESTAT:GOV_10A_EXP(1.0),28/02/22 11:00:00,A,MIO_EUR,S13,GF0801,TE,SK,2001,24.7,e
ESTAT:GOV_10A_EXP(1.0),28/02/22 11:00:00,A,MIO_EUR,S13,GF0801,TE,SK,2002,40.1,e
ESTAT:GOV_10A_EXP(1.0),28/02/22 11:00:00,A,MIO_EUR,S13,GF0801,TE,SK,2003,59.6,
ESTAT:GOV_10A_EXP(1.0),28/02/22 11:00:00,A,MIO_EUR,S13,GF0801,TE,SK,2004,65.3,p
ESTAT:GOV_10A_EXP(1.0),28/02/22 11:00:00,A,MIO_EUR,S13,GF0801,TE,SK,2005,67.3,
ESTAT:GOV_10A_EXP(1.0),28/02/22 11:00:00,A,MIO_EUR,S13,GF0801,TE,SK,2006,62.3,
ESTAT:GOV_10A_EXP(1.0),28/02/22 11:00:00,A,MIO_EUR,S13,GF0801,TE,SK,2007,81.4,
ESTAT:GOV_10A_EXP(1.0),28/02/22 11:00:00,A,MIO_EUR,S13,GF0801,TE,SK,2008,96.9,
ESTAT:GOV_10A_EXP(1.0),28/02/22 11:00:00,A,MIO_EUR,S13,GF0801,TE,SK,2009,114.6,
ESTAT:GOV_10A_EXP(1.0),28/02/22 11:00:00,A,MIO_EUR,S13,GF0801,TE,SK,2010,157.9,
ESTAT:GOV_10A_EXP(1.0),28/02/22 11:00:00,A,MIO_EUR,S13,GF0801,TE,SK,2011,127.8,
ESTAT:GOV_10A_EXP(1.0),28/02/22 11:00:00,A,MIO_EUR,S13,GF0801,TE,SK,2012,116.9,
ESTAT:GOV_10A_EXP(1.0),28/02/22 11:00:00,A,MIO_EUR,S13,GF0801,TE,SK,2013,91.2,
ESTAT:GOV_10A_EXP(1.0),28/02/22 11:00:00,A,MIO_EUR,S13,GF0801,TE,SK,2014,103.8,
ESTAT:GOV_10A_EXP(1.0),28/02/22 11:00:00,A,MIO_EUR,S13,GF0801,TE,SK,2015,133.0,
ESTAT:GOV_10A_EXP(1.0),28/02/22 11:00:00,A,MIO_EUR,S13,GF0801,TE,SK,2016,122.6,
ESTAT:GOV_10A_EXP(1.0),28/02/22 11:00:00,A,MIO_EUR,S13,GF0801,TE,SK,2017,126.7,
ESTAT:GOV_10A_EXP(1.0),28/02/22 11:00:00,A,MIO_EUR,S13,GF0801,TE,SK,2018,175.2,
ESTAT:GOV_10A_EXP(1.0),28/02/22 11:00:00,A,MIO_EUR,S13,GF0801,TE,SK,2019,218.0,
ESTAT:GOV_10A_EXP(1.0),28/02/22 11:00:00,A,MIO_EUR,S13,GF0801,TE,SK,2020,219.2,
